type,deposit,material,color,size,size_label,complexity,price
Пам'ятник одинарний,Покостівський,granite,grey,800x450x80,Економ,"Проста форма, гравіювання напису",15000
Пам'ятник одинарний,Покостівський,granite,grey,800x450x80,Економ,"Базова, портрет і напис",18000
Пам'ятник одинарний,Покостівський,granite,grey,800x450x80,Економ,"Стандартна, портрет і орнамент",21000
Пам'ятник одинарний,Покостівський,granite,grey,800x450x80,Економ,"Складна, різьблення й декор",25500
Пам'ятник одинарний,Покостівський,granite,grey,800x450x80,Економ,"Елітна, скульптура й позолота",32000
Пам'ятник одинарний,Покостівський,granite,grey,1000x500x80,Стандарт,"Проста форма, гравіювання напису",16000
Пам'ятник одинарний,Покостівський,granite,grey,1000x500x80,Стандарт,"Базова, портрет і напис",19500
Пам'ятник одинарний,Покостівський,granite,grey,1000x500x80,Стандарт,"Стандартна, портрет і орнамент",23000
Пам'ятник одинарний,Покостівський,granite,grey,1000x500x80,Стандарт,"Складна, різьблення й декор",27500
Пам'ятник одинарний,Покостівський,granite,grey,1000x500x80,Стандарт,"Елітна, скульптура й позолота",34500
Пам'ятник одинарний,Покостівський,granite,grey,1000x600x80,Збільшений,"Проста форма, гравіювання напису",17000
Пам'ятник одинарний,Покостівський,granite,grey,1000x600x80,Збільшений,"Базова, портрет і напис",20500
Пам'ятник одинарний,Покостівський,granite,grey,1000x600x80,Збільшений,"Стандартна, портрет і орнамент",24500
Пам'ятник одинарний,Покостівський,granite,grey,1000x600x80,Збільшений,"Складна, різьблення й декор",29000
Пам'ятник одинарний,Покостівський,granite,grey,1000x600x80,Збільшений,"Елітна, скульптура й позолота",36500
Пам'ятник одинарний,Покостівський,granite,grey,1200x600x80,Преміум,"Проста форма, гравіювання напису",18000
Пам'ятник одинарний,Покостівський,granite,grey,1200x600x80,Преміум,"Базова, портрет і напис",22000
Пам'ятник одинарний,Покостівський,granite,grey,1200x600x80,Преміум,"Стандартна, портрет і орнамент",26000
Пам'ятник одинарний,Покостівський,granite,grey,1200x600x80,Преміум,"Складна, різьблення й декор",31000
Пам'ятник одинарний,Покостівський,granite,grey,1200x600x80,Преміум,"Елітна, скульптура й позолота",39000
Пам'ятник одинарний,Габро (Головинське),gabbro,black,800x450x80,Економ,"Проста форма, гравіювання напису",15000
Пам'ятник одинарний,Габро (Головинське),gabbro,black,800x450x80,Економ,"Базова, портрет і напис",18500
Пам'ятник одинарний,Габро (Головинське),gabbro,black,800x450x80,Економ,"Стандартна, портрет і орнамент",21500
Пам'ятник одинарний,Габро (Головинське),gabbro,black,800x450x80,Економ,"Складна, різьблення й декор",26000
Пам'ятник одинарний,Габро (Головинське),gabbro,black,800x450x80,Економ,"Елітна, скульптура й позолота",32500
Пам'ятник одинарний,Габро (Головинське),gabbro,black,1000x500x80,Стандарт,"Проста форма, гравіювання напису",16500
Пам'ятник одинарний,Габро (Головинське),gabbro,black,1000x500x80,Стандарт,"Базова, портрет і напис",20000
Пам'ятник одинарний,Габро (Головинське),gabbro,black,1000x500x80,Стандарт,"Стандартна, портрет і орнамент",23500
Пам'ятник одинарний,Габро (Головинське),gabbro,black,1000x500x80,Стандарт,"Складна, різьблення й декор",28500
Пам'ятник одинарний,Габро (Головинське),gabbro,black,1000x500x80,Стандарт,"Елітна, скульптура й позолота",35500
Пам'ятник одинарний,Габро (Головинське),gabbro,black,1000x600x80,Збільшений,"Проста форма, гравіювання напису",17500
Пам'ятник одинарний,Габро (Головинське),gabbro,black,1000x600x80,Збільшений,"Базова, портрет і напис",21500
Пам'ятник одинарний,Габро (Головинське),gabbro,black,1000x600x80,Збільшений,"Стандартна, портрет і орнамент",25000
Пам'ятник одинарний,Габро (Головинське),gabbro,black,1000x600x80,Збільшений,"Складна, різьблення й декор",30000
Пам'ятник одинарний,Габро (Головинське),gabbro,black,1000x600x80,Збільшений,"Елітна, скульптура й позолота",37500
Пам'ятник одинарний,Габро (Головинське),gabbro,black,1200x600x80,Преміум,"Проста форма, гравіювання напису",19000
Пам'ятник одинарний,Габро (Головинське),gabbro,black,1200x600x80,Преміум,"Базова, портрет і напис",23000
Пам'ятник одинарний,Габро (Головинське),gabbro,black,1200x600x80,Преміум,"Стандартна, портрет і орнамент",27000
Пам'ятник одинарний,Габро (Головинське),gabbro,black,1200x600x80,Преміум,"Складна, різьблення й декор",32000
Пам'ятник одинарний,Габро (Головинське),gabbro,black,1200x600x80,Преміум,"Елітна, скульптура й позолота",40500
Пам'ятник одинарний,Лабрадорит (Добринський),labradorite,black,800x450x80,Економ,"Проста форма, гравіювання напису",15500
Пам'ятник одинарний,Лабрадорит (Добринський),labradorite,black,800x450x80,Економ,"Базова, портрет і напис",19000
Пам'ятник одинарний,Лабрадорит (Добринський),labradorite,black,800x450x80,Економ,"Стандартна, портрет і орнамент",22500
Пам'ятник одинарний,Лабрадорит (Добринський),labradorite,black,800x450x80,Економ,"Складна, різьблення й декор",27000
Пам'ятник одинарний,Лабрадорит (Добринський),labradorite,black,800x450x80,Економ,"Елітна, скульптура й позолота",33500
Пам'ятник одинарний,Лабрадорит (Добринський),labradorite,black,1000x500x80,Стандарт,"Проста форма, гравіювання напису",17500
Пам'ятник одинарний,Лабрадорит (Добринський),labradorite,black,1000x500x80,Стандарт,"Базова, портрет і напис",21000
Пам'ятник одинарний,Лабрадорит (Добринський),labradorite,black,1000x500x80,Стандарт,"Стандартна, портрет і орнамент",25000
Пам'ятник одинарний,Лабрадорит (Добринський),labradorite,black,1000x500x80,Стандарт,"Складна, різьблення й декор",30000
Пам'ятник одинарний,Лабрадорит (Добринський),labradorite,black,1000x500x80,Стандарт,"Елітна, скульптура й позолота",37000
Пам'ятник одинарний,Лабрадорит (Добринський),labradorite,black,1000x600x80,Збільшений,"Проста форма, гравіювання напису",18500
Пам'ятник одинарний,Лабрадорит (Добринський),labradorite,black,1000x600x80,Збільшений,"Базова, портрет і напис",22500
Пам'ятник одинарний,Лабрадорит (Добринський),labradorite,black,1000x600x80,Збільшений,"Стандартна, портрет і орнамент",26500
Пам'ятник одинарний,Лабрадорит (Добринський),labradorite,black,1000x600x80,Збільшений,"Складна, різьблення й декор",31500
Пам'ятник одинарний,Лабрадорит (Добринський),labradorite,black,1000x600x80,Збільшений,"Елітна, скульптура й позолота",39500
Пам'ятник одинарний,Лабрадорит (Добринський),labradorite,black,1200x600x80,Преміум,"Проста форма, гравіювання напису",20000
Пам'ятник одинарний,Лабрадорит (Добринський),labradorite,black,1200x600x80,Преміум,"Базова, портрет і напис",24000
Пам'ятник одинарний,Лабрадорит (Добринський),labradorite,black,1200x600x80,Преміум,"Стандартна, портрет і орнамент",28500
Пам'ятник одинарний,Лабрадорит (Добринський),labradorite,black,1200x600x80,Преміум,"Складна, різьблення й декор",34000
Пам'ятник одинарний,Лабрадорит (Добринський),labradorite,black,1200x600x80,Преміум,"Елітна, скульптура й позолота",42500
Пам'ятник одинарний,Корнинський,granite,grey,800x450x80,Економ,"Проста форма, гравіювання напису",16000
Пам'ятник одинарний,Корнинський,granite,grey,800x450x80,Економ,"Базова, портрет і напис",19000
Пам'ятник одинарний,Корнинський,granite,grey,800x450x80,Економ,"Стандартна, портрет і орнамент",22500
Пам'ятник одинарний,Корнинський,granite,grey,800x450x80,Економ,"Складна, різьблення й декор",27000
Пам'ятник одинарний,Корнинський,granite,grey,800x450x80,Економ,"Елітна, скульптура й позолота",34000
Пам'ятник одинарний,Корнинський,granite,grey,1000x500x80,Стандарт,"Проста форма, гравіювання напису",17500
Пам'ятник одинарний,Корнинський,granite,grey,1000x500x80,Стандарт,"Базова, портрет і напис",21000
Пам'ятник одинарний,Корнинський,granite,grey,1000x500x80,Стандарт,"Стандартна, портрет і орнамент",25000
Пам'ятник одинарний,Корнинський,granite,grey,1000x500x80,Стандарт,"Складна, різьблення й декор",30000
Пам'ятник одинарний,Корнинський,granite,grey,1000x500x80,Стандарт,"Елітна, скульптура й позолота",37500
Пам'ятник одинарний,Корнинський,granite,grey,1000x600x80,Збільшений,"Проста форма, гравіювання напису",18500
Пам'ятник одинарний,Корнинський,granite,grey,1000x600x80,Збільшений,"Базова, портрет і напис",22500
Пам'ятник одинарний,Корнинський,granite,grey,1000x600x80,Збільшений,"Стандартна, портрет і орнамент",26500
Пам'ятник одинарний,Корнинський,granite,grey,1000x600x80,Збільшений,"Складна, різьблення й декор",32000
Пам'ятник одинарний,Корнинський,granite,grey,1000x600x80,Збільшений,"Елітна, скульптура й позолота",40000
Пам'ятник одинарний,Корнинський,granite,grey,1200x600x80,Преміум,"Проста форма, гравіювання напису",20000
Пам'ятник одинарний,Корнинський,granite,grey,1200x600x80,Преміум,"Базова, портрет і напис",24500
Пам'ятник одинарний,Корнинський,granite,grey,1200x600x80,Преміум,"Стандартна, портрет і орнамент",28500
Пам'ятник одинарний,Корнинський,granite,grey,1200x600x80,Преміум,"Складна, різьблення й декор",34500
Пам'ятник одинарний,Корнинський,granite,grey,1200x600x80,Преміум,"Елітна, скульптура й позолота",43000
Пам'ятник одинарний,Капустинський,granite,red,800x450x80,Економ,"Проста форма, гравіювання напису",16000
Пам'ятник одинарний,Капустинський,granite,red,800x450x80,Економ,"Базова, портрет і напис",19500
Пам'ятник одинарний,Капустинський,granite,red,800x450x80,Економ,"Стандартна, портрет і орнамент",23000
Пам'ятник одинарний,Капустинський,granite,red,800x450x80,Економ,"Складна, різьблення й декор",27500
Пам'ятник одинарний,Капустинський,granite,red,800x450x80,Економ,"Елітна, скульптура й позолота",34500
Пам'ятник одинарний,Капустинський,granite,red,1000x500x80,Стандарт,"Проста форма, гравіювання напису",17500
Пам'ятник одинарний,Капустинський,granite,red,1000x500x80,Стандарт,"Базова, портрет і напис",21500
Пам'ятник одинарний,Капустинський,granite,red,1000x500x80,Стандарт,"Стандартна, портрет і орнамент",25500
Пам'ятник одинарний,Капустинський,granite,red,1000x500x80,Стандарт,"Складна, різьблення й декор",30500
Пам'ятник одинарний,Капустинський,granite,red,1000x500x80,Стандарт,"Елітна, скульптура й позолота",38000
Пам'ятник одинарний,Капустинський,granite,red,1000x600x80,Збільшений,"Проста форма, гравіювання напису",19000
Пам'ятник одинарний,Капустинський,granite,red,1000x600x80,Збільшений,"Базова, портрет і напис",23000
Пам'ятник одинарний,Капустинський,granite,red,1000x600x80,Збільшений,"Стандартна, портрет і орнамент",27000
Пам'ятник одинарний,Капустинський,granite,red,1000x600x80,Збільшений,"Складна, різьблення й декор",32500
Пам'ятник одинарний,Капустинський,granite,red,1000x600x80,Збільшений,"Елітна, скульптура й позолота",40500
Пам'ятник одинарний,Капустинський,granite,red,1200x600x80,Преміум,"Проста форма, гравіювання напису",20500
Пам'ятник одинарний,Капустинський,granite,red,1200x600x80,Преміум,"Базова, портрет і напис",25000
Пам'ятник одинарний,Капустинський,granite,red,1200x600x80,Преміум,"Стандартна, портрет і орнамент",29000
Пам'ятник одинарний,Капустинський,granite,red,1200x600x80,Преміум,"Складна, різьблення й декор",35000
Пам'ятник одинарний,Капустинський,granite,red,1200x600x80,Преміум,"Елітна, скульптура й позолота",44000
Пам'ятник одинарний,Танський,granite,grey,800x450x80,Економ,"Проста форма, гравіювання напису",16000
Пам'ятник одинарний,Танський,granite,grey,800x450x80,Економ,"Базова, портрет і напис",19500
Пам'ятник одинарний,Танський,granite,grey,800x450x80,Економ,"Стандартна, портрет і орнамент",23000
Пам'ятник одинарний,Танський,granite,grey,800x450x80,Економ,"Складна, різьблення й декор",27500
Пам'ятник одинарний,Танський,granite,grey,800x450x80,Економ,"Елітна, скульптура й позолота",34500
Пам'ятник одинарний,Танський,granite,grey,1000x500x80,Стандарт,"Проста форма, гравіювання напису",18000
Пам'ятник одинарний,Танський,granite,grey,1000x500x80,Стандарт,"Базова, портрет і напис",21500
Пам'ятник одинарний,Танський,granite,grey,1000x500x80,Стандарт,"Стандартна, портрет і орнамент",25500
Пам'ятник одинарний,Танський,granite,grey,1000x500x80,Стандарт,"Складна, різьблення й декор",30500
Пам'ятник одинарний,Танський,granite,grey,1000x500x80,Стандарт,"Елітна, скульптура й позолота",38000
Пам'ятник одинарний,Танський,granite,grey,1000x600x80,Збільшений,"Проста форма, гравіювання напису",19000
Пам'ятник одинарний,Танський,granite,grey,1000x600x80,Збільшений,"Базова, портрет і напис",23000
Пам'ятник одинарний,Танський,granite,grey,1000x600x80,Збільшений,"Стандартна, портрет і орнамент",27000
Пам'ятник одинарний,Танський,granite,grey,1000x600x80,Збільшений,"Складна, різьблення й декор",32500
Пам'ятник одинарний,Танський,granite,grey,1000x600x80,Збільшений,"Елітна, скульптура й позолота",41000
Пам'ятник одинарний,Танський,granite,grey,1200x600x80,Преміум,"Проста форма, гравіювання напису",20500
Пам'ятник одинарний,Танський,granite,grey,1200x600x80,Преміум,"Базова, портрет і напис",25000
Пам'ятник одинарний,Танський,granite,grey,1200x600x80,Преміум,"Стандартна, портрет і орнамент",29500
Пам'ятник одинарний,Танський,granite,grey,1200x600x80,Преміум,"Складна, різьблення й декор",35000
Пам'ятник одинарний,Танський,granite,grey,1200x600x80,Преміум,"Елітна, скульптура й позолота",44000
Пам'ятник одинарний,Софіївський,granite,grey,800x450x80,Економ,"Проста форма, гравіювання напису",16000
Пам'ятник одинарний,Софіївський,granite,grey,800x450x80,Економ,"Базова, портрет і напис",19500
Пам'ятник одинарний,Софіївський,granite,grey,800x450x80,Економ,"Стандартна, портрет і орнамент",23000
Пам'ятник одинарний,Софіївський,granite,grey,800x450x80,Економ,"Складна, різьблення й декор",27500
Пам'ятник одинарний,Софіївський,granite,grey,800x450x80,Економ,"Елітна, скульптура й позолота",34500
Пам'ятник одинарний,Софіївський,granite,grey,1000x500x80,Стандарт,"Проста форма, гравіювання напису",18000
Пам'ятник одинарний,Софіївський,granite,grey,1000x500x80,Стандарт,"Базова, портрет і напис",21500
Пам'ятник одинарний,Софіївський,granite,grey,1000x500x80,Стандарт,"Стандартна, портрет і орнамент",25500
Пам'ятник одинарний,Софіївський,granite,grey,1000x500x80,Стандарт,"Складна, різьблення й декор",30500
Пам'ятник одинарний,Софіївський,granite,grey,1000x500x80,Стандарт,"Елітна, скульптура й позолота",38500
Пам'ятник одинарний,Софіївський,granite,grey,1000x600x80,Збільшений,"Проста форма, гравіювання напису",19000
Пам'ятник одинарний,Софіївський,granite,grey,1000x600x80,Збільшений,"Базова, портрет і напис",23000
Пам'ятник одинарний,Софіївський,granite,grey,1000x600x80,Збільшений,"Стандартна, портрет і орнамент",27500
Пам'ятник одинарний,Софіївський,granite,grey,1000x600x80,Збільшений,"Складна, різьблення й декор",33000
Пам'ятник одинарний,Софіївський,granite,grey,1000x600x80,Збільшений,"Елітна, скульптура й позолота",41000
Пам'ятник одинарний,Софіївський,granite,grey,1200x600x80,Преміум,"Проста форма, гравіювання напису",20500
Пам'ятник одинарний,Софіївський,granite,grey,1200x600x80,Преміум,"Базова, портрет і напис",25000
Пам'ятник одинарний,Софіївський,granite,grey,1200x600x80,Преміум,"Стандартна, портрет і орнамент",29500
Пам'ятник одинарний,Софіївський,granite,grey,1200x600x80,Преміум,"Складна, різьблення й декор",35500
Пам'ятник одинарний,Софіївський,granite,grey,1200x600x80,Преміум,"Елітна, скульптура й позолота",44000
Пам'ятник одинарний,Межиріченський,granite,red,800x450x80,Економ,"Проста форма, гравіювання напису",16000
Пам'ятник одинарний,Межиріченський,granite,red,800x450x80,Економ,"Базова, портрет і напис",19500
Пам'ятник одинарний,Межиріченський,granite,red,800x450x80,Економ,"Стандартна, портрет і орнамент",23000
Пам'ятник одинарний,Межиріченський,granite,red,800x450x80,Економ,"Складна, різьблення й декор",28000
Пам'ятник одинарний,Межиріченський,granite,red,800x450x80,Економ,"Елітна, скульптура й позолота",34500
Пам'ятник одинарний,Межиріченський,granite,red,1000x500x80,Стандарт,"Проста форма, гравіювання напису",18000
Пам'ятник одинарний,Межиріченський,granite,red,1000x500x80,Стандарт,"Базова, портрет і напис",22000
Пам'ятник одинарний,Межиріченський,granite,red,1000x500x80,Стандарт,"Стандартна, портрет і орнамент",25500
Пам'ятник одинарний,Межиріченський,granite,red,1000x500x80,Стандарт,"Складна, різьблення й декор",31000
Пам'ятник одинарний,Межиріченський,granite,red,1000x500x80,Стандарт,"Елітна, скульптура й позолота",38500
Пам'ятник одинарний,Межиріченський,granite,red,1000x600x80,Збільшений,"Проста форма, гравіювання напису",19500
Пам'ятник одинарний,Межиріченський,granite,red,1000x600x80,Збільшений,"Базова, портрет і напис",23500
Пам'ятник одинарний,Межиріченський,granite,red,1000x600x80,Збільшений,"Стандартна, портрет і орнамент",27500
Пам'ятник одинарний,Межиріченський,granite,red,1000x600x80,Збільшений,"Складна, різьблення й декор",33000
Пам'ятник одинарний,Межиріченський,granite,red,1000x600x80,Збільшений,"Елітна, скульптура й позолота",41500
Пам'ятник одинарний,Межиріченський,granite,red,1200x600x80,Преміум,"Проста форма, гравіювання напису",21000
Пам'ятник одинарний,Межиріченський,granite,red,1200x600x80,Преміум,"Базова, портрет і напис",25000
Пам'ятник одинарний,Межиріченський,granite,red,1200x600x80,Преміум,"Стандартна, портрет і орнамент",29500
Пам'ятник одинарний,Межиріченський,granite,red,1200x600x80,Преміум,"Складна, різьблення й декор",35500
Пам'ятник одинарний,Межиріченський,granite,red,1200x600x80,Преміум,"Елітна, скульптура й позолота",44500
Пам'ятник одинарний,Лабрадорит (Горбулівський),labradorite,black,800x450x80,Економ,"Проста форма, гравіювання напису",16000
Пам'ятник одинарний,Лабрадорит (Горбулівський),labradorite,black,800x450x80,Економ,"Базова, портрет і напис",19500
Пам'ятник одинарний,Лабрадорит (Горбулівський),labradorite,black,800x450x80,Економ,"Стандартна, портрет і орнамент",23000
Пам'ятник одинарний,Лабрадорит (Горбулівський),labradorite,black,800x450x80,Економ,"Складна, різьблення й декор",28000
Пам'ятник одинарний,Лабрадорит (Горбулівський),labradorite,black,800x450x80,Економ,"Елітна, скульптура й позолота",35000
Пам'ятник одинарний,Лабрадорит (Горбулівський),labradorite,black,1000x500x80,Стандарт,"Проста форма, гравіювання напису",18000
Пам'ятник одинарний,Лабрадорит (Горбулівський),labradorite,black,1000x500x80,Стандарт,"Базова, портрет і напис",22000
Пам'ятник одинарний,Лабрадорит (Горбулівський),labradorite,black,1000x500x80,Стандарт,"Стандартна, портрет і орнамент",26000
Пам'ятник одинарний,Лабрадорит (Горбулівський),labradorite,black,1000x500x80,Стандарт,"Складна, різьблення й декор",31000
Пам'ятник одинарний,Лабрадорит (Горбулівський),labradorite,black,1000x500x80,Стандарт,"Елітна, скульптура й позолота",38500
Пам'ятник одинарний,Лабрадорит (Горбулівський),labradorite,black,1000x600x80,Збільшений,"Проста форма, гравіювання напису",19500
Пам'ятник одинарний,Лабрадорит (Горбулівський),labradorite,black,1000x600x80,Збільшений,"Базова, портрет і напис",23500
Пам'ятник одинарний,Лабрадорит (Горбулівський),labradorite,black,1000x600x80,Збільшений,"Стандартна, портрет і орнамент",27500
Пам'ятник одинарний,Лабрадорит (Горбулівський),labradorite,black,1000x600x80,Збільшений,"Складна, різьблення й декор",33000
Пам'ятник одинарний,Лабрадорит (Горбулівський),labradorite,black,1000x600x80,Збільшений,"Елітна, скульптура й позолота",41500
Пам'ятник одинарний,Лабрадорит (Горбулівський),labradorite,black,1200x600x80,Преміум,"Проста форма, гравіювання напису",21000
Пам'ятник одинарний,Лабрадорит (Горбулівський),labradorite,black,1200x600x80,Преміум,"Базова, портрет і напис",25500
Пам'ятник одинарний,Лабрадорит (Горбулівський),labradorite,black,1200x600x80,Преміум,"Стандартна, портрет і орнамент",30000
Пам'ятник одинарний,Лабрадорит (Горбулівський),labradorite,black,1200x600x80,Преміум,"Складна, різьблення й декор",36000
Пам'ятник одинарний,Лабрадорит (Горбулівський),labradorite,black,1200x600x80,Преміум,"Елітна, скульптура й позолота",44500
Пам'ятник одинарний,Габро (Букинське),gabbro,black,800x450x80,Економ,"Проста форма, гравіювання напису",16500
Пам'ятник одинарний,Габро (Букинське),gabbro,black,800x450x80,Економ,"Базова, портрет і напис",20000
Пам'ятник одинарний,Габро (Букинське),gabbro,black,800x450x80,Економ,"Стандартна, портрет і орнамент",23500
Пам'ятник одинарний,Габро (Букинське),gabbro,black,800x450x80,Економ,"Складна, різьблення й декор",28000
Пам'ятник одинарний,Габро (Букинське),gabbro,black,800x450x80,Економ,"Елітна, скульптура й позолота",35000
Пам'ятник одинарний,Габро (Букинське),gabbro,black,1000x500x80,Стандарт,"Проста форма, гравіювання напису",18000
Пам'ятник одинарний,Габро (Букинське),gabbro,black,1000x500x80,Стандарт,"Базова, портрет і напис",22000
Пам'ятник одинарний,Габро (Букинське),gabbro,black,1000x500x80,Стандарт,"Стандартна, портрет і орнамент",26000
Пам'ятник одинарний,Габро (Букинське),gabbro,black,1000x500x80,Стандарт,"Складна, різьблення й декор",31000
Пам'ятник одинарний,Габро (Букинське),gabbro,black,1000x500x80,Стандарт,"Елітна, скульптура й позолота",39000
Пам'ятник одинарний,Габро (Букинське),gabbro,black,1000x600x80,Збільшений,"Проста форма, гравіювання напису",19500
Пам'ятник одинарний,Габро (Букинське),gabbro,black,1000x600x80,Збільшений,"Базова, портрет і напис",23500
Пам'ятник одинарний,Габро (Букинське),gabbro,black,1000x600x80,Збільшений,"Стандартна, портрет і орнамент",27500
Пам'ятник одинарний,Габро (Букинське),gabbro,black,1000x600x80,Збільшений,"Складна, різьблення й декор",33500
Пам'ятник одинарний,Габро (Букинське),gabbro,black,1000x600x80,Збільшений,"Елітна, скульптура й позолота",41500
Пам'ятник одинарний,Габро (Букинське),gabbro,black,1200x600x80,Преміум,"Проста форма, гравіювання напису",21000
Пам'ятник одинарний,Габро (Букинське),gabbro,black,1200x600x80,Преміум,"Базова, портрет і напис",25500
Пам'ятник одинарний,Габро (Букинське),gabbro,black,1200x600x80,Преміум,"Стандартна, портрет і орнамент",30000
Пам'ятник одинарний,Габро (Букинське),gabbro,black,1200x600x80,Преміум,"Складна, різьблення й декор",36000
Пам'ятник одинарний,Габро (Букинське),gabbro,black,1200x600x80,Преміум,"Елітна, скульптура й позолота",45000
Пам'ятник одинарний,Дідковицький,granite,green,800x450x80,Економ,"Проста форма, гравіювання напису",16500
Пам'ятник одинарний,Дідковицький,granite,green,800x450x80,Економ,"Базова, портрет і напис",20000
Пам'ятник одинарний,Дідковицький,granite,green,800x450x80,Економ,"Стандартна, портрет і орнамент",23500
Пам'ятник одинарний,Дідковицький,granite,green,800x450x80,Економ,"Складна, різьблення й декор",28000
Пам'ятник одинарний,Дідковицький,granite,green,800x450x80,Економ,"Елітна, скульптура й позолота",35500
Пам'ятник одинарний,Дідковицький,granite,green,1000x500x80,Стандарт,"Проста форма, гравіювання напису",18500
Пам'ятник одинарний,Дідковицький,granite,green,1000x500x80,Стандарт,"Базова, портрет і напис",22500
Пам'ятник одинарний,Дідковицький,granite,green,1000x500x80,Стандарт,"Стандартна, портрет і орнамент",26000
Пам'ятник одинарний,Дідковицький,granite,green,1000x500x80,Стандарт,"Складна, різьблення й декор",31500
Пам'ятник одинарний,Дідковицький,granite,green,1000x500x80,Стандарт,"Елітна, скульптура й позолота",39500
Пам'ятник одинарний,Дідковицький,granite,green,1000x600x80,Збільшений,"Проста форма, гравіювання напису",19500
Пам'ятник одинарний,Дідковицький,granite,green,1000x600x80,Збільшений,"Базова, портрет і напис",24000
Пам'ятник одинарний,Дідковицький,granite,green,1000x600x80,Збільшений,"Стандартна, портрет і орнамент",28000
Пам'ятник одинарний,Дідковицький,granite,green,1000x600x80,Збільшений,"Складна, різьблення й декор",34000
Пам'ятник одинарний,Дідковицький,granite,green,1000x600x80,Збільшений,"Елітна, скульптура й позолота",42000
Пам'ятник одинарний,Дідковицький,granite,green,1200x600x80,Преміум,"Проста форма, гравіювання напису",21500
Пам'ятник одинарний,Дідковицький,granite,green,1200x600x80,Преміум,"Базова, портрет і напис",26000
Пам'ятник одинарний,Дідковицький,granite,green,1200x600x80,Преміум,"Стандартна, портрет і орнамент",30500
Пам'ятник одинарний,Дідковицький,granite,green,1200x600x80,Преміум,"Складна, різьблення й декор",36500
Пам'ятник одинарний,Дідковицький,granite,green,1200x600x80,Преміум,"Елітна, скульптура й позолота",45500
Пам'ятник одинарний,Токівський,granite,brown,800x450x80,Економ,"Проста форма, гравіювання напису",17000
Пам'ятник одинарний,Токівський,granite,brown,800x450x80,Економ,"Базова, портрет і напис",20500
Пам'ятник одинарний,Токівський,granite,brown,800x450x80,Економ,"Стандартна, портрет і орнамент",24000
Пам'ятник одинарний,Токівський,granite,brown,800x450x80,Економ,"Складна, різьблення й декор",29000
Пам'ятник одинарний,Токівський,granite,brown,800x450x80,Економ,"Елітна, скульптура й позолота",36000
Пам'ятник одинарний,Токівський,granite,brown,1000x500x80,Стандарт,"Проста форма, гравіювання напису",19000
Пам'ятник одинарний,Токівський,granite,brown,1000x500x80,Стандарт,"Базова, портрет і напис",23000
Пам'ятник одинарний,Токівський,granite,brown,1000x500x80,Стандарт,"Стандартна, портрет і орнамент",27000
Пам'ятник одинарний,Токівський,granite,brown,1000x500x80,Стандарт,"Складна, різьблення й декор",32000
Пам'ятник одинарний,Токівський,granite,brown,1000x500x80,Стандарт,"Елітна, скульптура й позолота",40500
Пам'ятник одинарний,Токівський,granite,brown,1000x600x80,Збільшений,"Проста форма, гравіювання напису",20000
Пам'ятник одинарний,Токівський,granite,brown,1000x600x80,Збільшений,"Базова, портрет і напис",24500
Пам'ятник одинарний,Токівський,granite,brown,1000x600x80,Збільшений,"Стандартна, портрет і орнамент",29000
Пам'ятник одинарний,Токівський,granite,brown,1000x600x80,Збільшений,"Складна, різьблення й декор",34500
Пам'ятник одинарний,Токівський,granite,brown,1000x600x80,Збільшений,"Елітна, скульптура й позолота",43500
Пам'ятник одинарний,Токівський,granite,brown,1200x600x80,Преміум,"Проста форма, гравіювання напису",22000
Пам'ятник одинарний,Токівський,granite,brown,1200x600x80,Преміум,"Базова, портрет і напис",26500
Пам'ятник одинарний,Токівський,granite,brown,1200x600x80,Преміум,"Стандартна, портрет і орнамент",31500
Пам'ятник одинарний,Токівський,granite,brown,1200x600x80,Преміум,"Складна, різьблення й декор",37500
Пам'ятник одинарний,Токівський,granite,brown,1200x600x80,Преміум,"Елітна, скульптура й позолота",47000
Пам'ятник одинарний,Берестовецький,granite,black,800x450x80,Економ,"Проста форма, гравіювання напису",17000
Пам'ятник одинарний,Берестовецький,granite,black,800x450x80,Економ,"Базова, портрет і напис",20500
Пам'ятник одинарний,Берестовецький,granite,black,800x450x80,Економ,"Стандартна, портрет і орнамент",24000
Пам'ятник одинарний,Берестовецький,granite,black,800x450x80,Економ,"Складна, різьблення й декор",29000
Пам'ятник одинарний,Берестовецький,granite,black,800x450x80,Економ,"Елітна, скульптура й позолота",36000
Пам'ятник одинарний,Берестовецький,granite,black,1000x500x80,Стандарт,"Проста форма, гравіювання напису",19000
Пам'ятник одинарний,Берестовецький,granite,black,1000x500x80,Стандарт,"Базова, портрет і напис",23000
Пам'ятник одинарний,Берестовецький,granite,black,1000x500x80,Стандарт,"Стандартна, портрет і орнамент",27000
Пам'ятник одинарний,Берестовецький,granite,black,1000x500x80,Стандарт,"Складна, різьблення й декор",32500
Пам'ятник одинарний,Берестовецький,granite,black,1000x500x80,Стандарт,"Елітна, скульптура й позолота",40500
Пам'ятник одинарний,Берестовецький,granite,black,1000x600x80,Збільшений,"Проста форма, гравіювання напису",20500
Пам'ятник одинарний,Берестовецький,granite,black,1000x600x80,Збільшений,"Базова, портрет і напис",25000
Пам'ятник одинарний,Берестовецький,granite,black,1000x600x80,Збільшений,"Стандартна, портрет і орнамент",29000
Пам'ятник одинарний,Берестовецький,granite,black,1000x600x80,Збільшений,"Складна, різьблення й декор",35000
Пам'ятник одинарний,Берестовецький,granite,black,1000x600x80,Збільшений,"Елітна, скульптура й позолота",44000
Пам'ятник одинарний,Берестовецький,granite,black,1200x600x80,Преміум,"Проста форма, гравіювання напису",22000
Пам'ятник одинарний,Берестовецький,granite,black,1200x600x80,Преміум,"Базова, портрет і напис",27000
Пам'ятник одинарний,Берестовецький,granite,black,1200x600x80,Преміум,"Стандартна, портрет і орнамент",32000
Пам'ятник одинарний,Берестовецький,granite,black,1200x600x80,Преміум,"Складна, різьблення й декор",38000
Пам'ятник одинарний,Берестовецький,granite,black,1200x600x80,Преміум,"Елітна, скульптура й позолота",47500
Пам'ятник одинарний,Маславський,granite,green,800x450x80,Економ,"Проста форма, гравіювання напису",17500
Пам'ятник одинарний,Маславський,granite,green,800x450x80,Економ,"Базова, портрет і напис",21000
Пам'ятник одинарний,Маславський,granite,green,800x450x80,Економ,"Стандартна, портрет і орнамент",25000
Пам'ятник одинарний,Маславський,granite,green,800x450x80,Економ,"Складна, різьблення й декор",30000
Пам'ятник одинарний,Маславський,granite,green,800x450x80,Економ,"Елітна, скульптура й позолота",37000
Пам'ятник одинарний,Маславський,granite,green,1000x500x80,Стандарт,"Проста форма, гравіювання напису",19500
Пам'ятник одинарний,Маславський,granite,green,1000x500x80,Стандарт,"Базова, портрет і напис",24000
Пам'ятник одинарний,Маславський,granite,green,1000x500x80,Стандарт,"Стандартна, портрет і орнамент",28000
Пам'ятник одинарний,Маславський,granite,green,1000x500x80,Стандарт,"Складна, різьблення й декор",33500
Пам'ятник одинарний,Маславський,granite,green,1000x500x80,Стандарт,"Елітна, скульптура й позолота",42000
Пам'ятник одинарний,Маславський,granite,green,1000x600x80,Збільшений,"Проста форма, гравіювання напису",21000
Пам'ятник одинарний,Маславський,granite,green,1000x600x80,Збільшений,"Базова, портрет і напис",26000
Пам'ятник одинарний,Маславський,granite,green,1000x600x80,Збільшений,"Стандартна, портрет і орнамент",30500
Пам'ятник одинарний,Маславський,granite,green,1000x600x80,Збільшений,"Складна, різьблення й декор",36500
Пам'ятник одинарний,Маславський,granite,green,1000x600x80,Збільшений,"Елітна, скульптура й позолота",45500
Пам'ятник одинарний,Маславський,granite,green,1200x600x80,Преміум,"Проста форма, гравіювання напису",23000
Пам'ятник одинарний,Маславський,granite,green,1200x600x80,Преміум,"Базова, портрет і напис",28000
Пам'ятник одинарний,Маславський,granite,green,1200x600x80,Преміум,"Стандартна, портрет і орнамент",33000
Пам'ятник одинарний,Маславський,granite,green,1200x600x80,Преміум,"Складна, різьблення й декор",39500
Пам'ятник одинарний,Маславський,granite,green,1200x600x80,Преміум,"Елітна, скульптура й позолота",49500
Пам'ятник одинарний,Лезниківський,granite,red,800x450x80,Економ,"Проста форма, гравіювання напису",16500
Пам'ятник одинарний,Лезниківський,granite,red,800x450x80,Економ,"Базова, портрет і напис",20000
Пам'ятник одинарний,Лезниківський,granite,red,800x450x80,Економ,"Стандартна, портрет і орнамент",23500
Пам'ятник одинарний,Лезниківський,granite,red,800x450x80,Економ,"Складна, різьблення й декор",28500
Пам'ятник одинарний,Лезниківський,granite,red,800x450x80,Економ,"Елітна, скульптура й позолота",35500
Пам'ятник одинарний,Лезниківський,granite,red,1000x500x80,Стандарт,"Проста форма, гравіювання напису",18500
Пам'ятник одинарний,Лезниківський,granite,red,1000x500x80,Стандарт,"Базова, портрет і напис",22500
Пам'ятник одинарний,Лезниківський,granite,red,1000x500x80,Стандарт,"Стандартна, портрет і орнамент",26500
Пам'ятник одинарний,Лезниківський,granite,red,1000x500x80,Стандарт,"Складна, різьблення й декор",31500
Пам'ятник одинарний,Лезниківський,granite,red,1000x500x80,Стандарт,"Елітна, скульптура й позолота",39500
Пам'ятник одинарний,Лезниківський,granite,red,1000x600x80,Збільшений,"Проста форма, гравіювання напису",20000
Пам'ятник одинарний,Лезниківський,granite,red,1000x600x80,Збільшений,"Базова, портрет і напис",24000
Пам'ятник одинарний,Лезниківський,granite,red,1000x600x80,Збільшений,"Стандартна, портрет і орнамент",28500
Пам'ятник одинарний,Лезниківський,granite,red,1000x600x80,Збільшений,"Складна, різьблення й декор",34000
Пам'ятник одинарний,Лезниківський,granite,red,1000x600x80,Збільшений,"Елітна, скульптура й позолота",42500
Пам'ятник одинарний,Лезниківський,granite,red,1200x600x80,Преміум,"Проста форма, гравіювання напису",21500
Пам'ятник одинарний,Лезниківський,granite,red,1200x600x80,Преміум,"Базова, портрет і напис",26000
Пам'ятник одинарний,Лезниківський,granite,red,1200x600x80,Преміум,"Стандартна, портрет і орнамент",30500
Пам'ятник одинарний,Лезниківський,granite,red,1200x600x80,Преміум,"Складна, різьблення й декор",37000
Пам'ятник одинарний,Лезниківський,granite,red,1200x600x80,Преміум,"Елітна, скульптура й позолота",46000
Пам'ятник одинарний,Мармур білий,marble,white,800x450x80,Економ,"Проста форма, гравіювання напису",17500
Пам'ятник одинарний,Мармур білий,marble,white,800x450x80,Економ,"Базова, портрет і напис",21500
Пам'ятник одинарний,Мармур білий,marble,white,800x450x80,Економ,"Стандартна, портрет і орнамент",25500
Пам'ятник одинарний,Мармур білий,marble,white,800x450x80,Економ,"Складна, різьблення й декор",30500
Пам'ятник одинарний,Мармур білий,marble,white,800x450x80,Економ,"Елітна, скульптура й позолота",38000
Пам'ятник одинарний,Мармур білий,marble,white,1000x500x80,Стандарт,"Проста форма, гравіювання напису",20000
Пам'ятник одинарний,Мармур білий,marble,white,1000x500x80,Стандарт,"Базова, портрет і напис",24500
Пам'ятник одинарний,Мармур білий,marble,white,1000x500x80,Стандарт,"Стандартна, портрет і орнамент",28500
Пам'ятник одинарний,Мармур білий,marble,white,1000x500x80,Стандарт,"Складна, різьблення й декор",34500
Пам'ятник одинарний,Мармур білий,marble,white,1000x500x80,Стандарт,"Елітна, скульптура й позолота",43000
Пам'ятник одинарний,Мармур білий,marble,white,1000x600x80,Збільшений,"Проста форма, гравіювання напису",21500
Пам'ятник одинарний,Мармур білий,marble,white,1000x600x80,Збільшений,"Базова, портрет і напис",26500
Пам'ятник одинарний,Мармур білий,marble,white,1000x600x80,Збільшений,"Стандартна, портрет і орнамент",31000
Пам'ятник одинарний,Мармур білий,marble,white,1000x600x80,Збільшений,"Складна, різьблення й декор",37500
Пам'ятник одинарний,Мармур білий,marble,white,1000x600x80,Збільшений,"Елітна, скульптура й позолота",46500
Пам'ятник одинарний,Мармур білий,marble,white,1200x600x80,Преміум,"Проста форма, гравіювання напису",24000
Пам'ятник одинарний,Мармур білий,marble,white,1200x600x80,Преміум,"Базова, портрет і напис",29000
Пам'ятник одинарний,Мармур білий,marble,white,1200x600x80,Преміум,"Стандартна, портрет і орнамент",34000
Пам'ятник одинарний,Мармур білий,marble,white,1200x600x80,Преміум,"Складна, різьблення й декор",40500
Пам'ятник одинарний,Мармур білий,marble,white,1200x600x80,Преміум,"Елітна, скульптура й позолота",51000
Пам'ятник подвійний,Покостівський,granite,grey,800x450x80,Економ,"Проста форма, гравіювання напису",26500
Пам'ятник подвійний,Покостівський,granite,grey,800x450x80,Економ,"Базова, портрет і напис",32000
Пам'ятник подвійний,Покостівський,granite,grey,800x450x80,Економ,"Стандартна, портрет і орнамент",37500
Пам'ятник подвійний,Покостівський,granite,grey,800x450x80,Економ,"Складна, різьблення й декор",45000
Пам'ятник подвійний,Покостівський,granite,grey,800x450x80,Економ,"Елітна, скульптура й позолота",56500
Пам'ятник подвійний,Покостівський,granite,grey,1000x500x80,Стандарт,"Проста форма, гравіювання напису",28000
Пам'ятник подвійний,Покостівський,granite,grey,1000x500x80,Стандарт,"Базова, портрет і напис",34500
Пам'ятник подвійний,Покостівський,granite,grey,1000x500x80,Стандарт,"Стандартна, портрет і орнамент",40500
Пам'ятник подвійний,Покостівський,granite,grey,1000x500x80,Стандарт,"Складна, різьблення й декор",48500
Пам'ятник подвійний,Покостівський,granite,grey,1000x500x80,Стандарт,"Елітна, скульптура й позолота",60500
Пам'ятник подвійний,Покостівський,granite,grey,1000x600x80,Збільшений,"Проста форма, гравіювання напису",29500
Пам'ятник подвійний,Покостівський,granite,grey,1000x600x80,Збільшений,"Базова, портрет і напис",36000
Пам'ятник подвійний,Покостівський,granite,grey,1000x600x80,Збільшений,"Стандартна, портрет і орнамент",42000
Пам'ятник подвійний,Покостівський,granite,grey,1000x600x80,Збільшений,"Складна, різьблення й декор",50500
Пам'ятник подвійний,Покостівський,granite,grey,1000x600x80,Збільшений,"Елітна, скульптура й позолота",63500
Пам'ятник подвійний,Покостівський,granite,grey,1200x600x80,Преміум,"Проста форма, гравіювання напису",31000
Пам'ятник подвійний,Покостівський,granite,grey,1200x600x80,Преміум,"Базова, портрет і напис",38000
Пам'ятник подвійний,Покостівський,granite,grey,1200x600x80,Преміум,"Стандартна, портрет і орнамент",44500
Пам'ятник подвійний,Покостівський,granite,grey,1200x600x80,Преміум,"Складна, різьблення й декор",53500
Пам'ятник подвійний,Покостівський,granite,grey,1200x600x80,Преміум,"Елітна, скульптура й позолота",67000
Пам'ятник подвійний,Габро (Головинське),gabbro,black,800x450x80,Економ,"Проста форма, гравіювання напису",27000
Пам'ятник подвійний,Габро (Головинське),gabbro,black,800x450x80,Економ,"Базова, портрет і напис",32500
Пам'ятник подвійний,Габро (Головинське),gabbro,black,800x450x80,Економ,"Стандартна, портрет і орнамент",38500
Пам'ятник подвійний,Габро (Головинське),gabbro,black,800x450x80,Економ,"Складна, різьблення й декор",46000
Пам'ятник подвійний,Габро (Головинське),gabbro,black,800x450x80,Економ,"Елітна, скульптура й позолота",57500
Пам'ятник подвійний,Габро (Головинське),gabbro,black,1000x500x80,Стандарт,"Проста форма, гравіювання напису",29000
Пам'ятник подвійний,Габро (Головинське),gabbro,black,1000x500x80,Стандарт,"Базова, портрет і напис",35000
Пам'ятник подвійний,Габро (Головинське),gabbro,black,1000x500x80,Стандарт,"Стандартна, портрет і орнамент",41500
Пам'ятник подвійний,Габро (Головинське),gabbro,black,1000x500x80,Стандарт,"Складна, різьблення й декор",49500
Пам'ятник подвійний,Габро (Головинське),gabbro,black,1000x500x80,Стандарт,"Елітна, скульптура й позолота",62000
Пам'ятник подвійний,Габро (Головинське),gabbro,black,1000x600x80,Збільшений,"Проста форма, гравіювання напису",30500
Пам'ятник подвійний,Габро (Головинське),gabbro,black,1000x600x80,Збільшений,"Базова, портрет і напис",37000
Пам'ятник подвійний,Габро (Головинське),gabbro,black,1000x600x80,Збільшений,"Стандартна, портрет і орнамент",43500
Пам'ятник подвійний,Габро (Головинське),gabbro,black,1000x600x80,Збільшений,"Складна, різьблення й декор",52000
Пам'ятник подвійний,Габро (Головинське),gabbro,black,1000x600x80,Збільшений,"Елітна, скульптура й позолота",65000
Пам'ятник подвійний,Габро (Головинське),gabbro,black,1200x600x80,Преміум,"Проста форма, гравіювання напису",32000
Пам'ятник подвійний,Габро (Головинське),gabbro,black,1200x600x80,Преміум,"Базова, портрет і напис",39000
Пам'ятник подвійний,Габро (Головинське),gabbro,black,1200x600x80,Преміум,"Стандартна, портрет і орнамент",46000
Пам'ятник подвійний,Габро (Головинське),gabbro,black,1200x600x80,Преміум,"Складна, різьблення й декор",55000
Пам'ятник подвійний,Габро (Головинське),gabbro,black,1200x600x80,Преміум,"Елітна, скульптура й позолота",69000
Пам'ятник подвійний,Лабрадорит (Добринський),labradorite,black,800x450x80,Економ,"Проста форма, гравіювання напису",27500
Пам'ятник подвійний,Лабрадорит (Добринський),labradorite,black,800x450x80,Економ,"Базова, портрет і напис",33500
Пам'ятник подвійний,Лабрадорит (Добринський),labradorite,black,800x450x80,Економ,"Стандартна, портрет і орнамент",39500
Пам'ятник подвійний,Лабрадорит (Добринський),labradorite,black,800x450x80,Економ,"Складна, різьблення й декор",47500
Пам'ятник подвійний,Лабрадорит (Добринський),labradorite,black,800x450x80,Економ,"Елітна, скульптура й позолота",59500
Пам'ятник подвійний,Лабрадорит (Добринський),labradorite,black,1000x500x80,Стандарт,"Проста форма, гравіювання напису",30000
Пам'ятник подвійний,Лабрадорит (Добринський),labradorite,black,1000x500x80,Стандарт,"Базова, портрет і напис",36500
Пам'ятник подвійний,Лабрадорит (Добринський),labradorite,black,1000x500x80,Стандарт,"Стандартна, портрет і орнамент",43000
Пам'ятник подвійний,Лабрадорит (Добринський),labradorite,black,1000x500x80,Стандарт,"Складна, різьблення й декор",51500
Пам'ятник подвійний,Лабрадорит (Добринський),labradorite,black,1000x500x80,Стандарт,"Елітна, скульптура й позолота",64500
Пам'ятник подвійний,Лабрадорит (Добринський),labradorite,black,1000x600x80,Збільшений,"Проста форма, гравіювання напису",32000
Пам'ятник подвійний,Лабрадорит (Добринський),labradorite,black,1000x600x80,Збільшений,"Базова, портрет і напис",38500
Пам'ятник подвійний,Лабрадорит (Добринський),labradorite,black,1000x600x80,Збільшений,"Стандартна, портрет і орнамент",45500
Пам'ятник подвійний,Лабрадорит (Добринський),labradorite,black,1000x600x80,Збільшений,"Складна, різьблення й декор",54500
Пам'ятник подвійний,Лабрадорит (Добринський),labradorite,black,1000x600x80,Збільшений,"Елітна, скульптура й позолота",68000
Пам'ятник подвійний,Лабрадорит (Добринський),labradorite,black,1200x600x80,Преміум,"Проста форма, гравіювання напису",34000
Пам'ятник подвійний,Лабрадорит (Добринський),labradorite,black,1200x600x80,Преміум,"Базова, портрет і напис",41000
Пам'ятник подвійний,Лабрадорит (Добринський),labradorite,black,1200x600x80,Преміум,"Стандартна, портрет і орнамент",48500
Пам'ятник подвійний,Лабрадорит (Добринський),labradorite,black,1200x600x80,Преміум,"Складна, різьблення й декор",58000
Пам'ятник подвійний,Лабрадорит (Добринський),labradorite,black,1200x600x80,Преміум,"Елітна, скульптура й позолота",72500
Пам'ятник подвійний,Корнинський,granite,grey,800x450x80,Економ,"Проста форма, гравіювання напису",28000
Пам'ятник подвійний,Корнинський,granite,grey,800x450x80,Економ,"Базова, портрет і напис",34000
Пам'ятник подвійний,Корнинський,granite,grey,800x450x80,Економ,"Стандартна, портрет і орнамент",40000
Пам'ятник подвійний,Корнинський,granite,grey,800x450x80,Економ,"Складна, різьблення й декор",47500
Пам'ятник подвійний,Корнинський,granite,grey,800x450x80,Економ,"Елітна, скульптура й позолота",59500
Пам'ятник подвійний,Корнинський,granite,grey,1000x500x80,Стандарт,"Проста форма, гравіювання напису",30500
Пам'ятник подвійний,Корнинський,granite,grey,1000x500x80,Стандарт,"Базова, портрет і напис",36500
Пам'ятник подвійний,Корнинський,granite,grey,1000x500x80,Стандарт,"Стандартна, портрет і орнамент",43000
Пам'ятник подвійний,Корнинський,granite,grey,1000x500x80,Стандарт,"Складна, різьблення й декор",52000
Пам'ятник подвійний,Корнинський,granite,grey,1000x500x80,Стандарт,"Елітна, скульптура й позолота",65000
Пам'ятник подвійний,Корнинський,granite,grey,1000x600x80,Збільшений,"Проста форма, гравіювання напису",32000
Пам'ятник подвійний,Корнинський,granite,grey,1000x600x80,Збільшений,"Базова, портрет і напис",39000
Пам'ятник подвійний,Корнинський,granite,grey,1000x600x80,Збільшений,"Стандартна, портрет і орнамент",45500
Пам'ятник подвійний,Корнинський,granite,grey,1000x600x80,Збільшений,"Складна, різьблення й декор",55000
Пам'ятник подвійний,Корнинський,granite,grey,1000x600x80,Збільшений,"Елітна, скульптура й позолота",68500
Пам'ятник подвійний,Корнинський,granite,grey,1200x600x80,Преміум,"Проста форма, гравіювання напису",34000
Пам'ятник подвійний,Корнинський,granite,grey,1200x600x80,Преміум,"Базова, портрет і напис",41500
Пам'ятник подвійний,Корнинський,granite,grey,1200x600x80,Преміум,"Стандартна, портрет і орнамент",48500
Пам'ятник подвійний,Корнинський,granite,grey,1200x600x80,Преміум,"Складна, різьблення й декор",58500
Пам'ятник подвійний,Корнинський,granite,grey,1200x600x80,Преміум,"Елітна, скульптура й позолота",73000
Пам'ятник подвійний,Капустинський,granite,red,800x450x80,Економ,"Проста форма, гравіювання напису",28000
Пам'ятник подвійний,Капустинський,granite,red,800x450x80,Економ,"Базова, портрет і напис",34000
Пам'ятник подвійний,Капустинський,granite,red,800x450x80,Економ,"Стандартна, портрет і орнамент",40000
Пам'ятник подвійний,Капустинський,granite,red,800x450x80,Економ,"Складна, різьблення й декор",48000
Пам'ятник подвійний,Капустинський,granite,red,800x450x80,Економ,"Елітна, скульптура й позолота",60000
Пам'ятник подвійний,Капустинський,granite,red,1000x500x80,Стандарт,"Проста форма, гравіювання напису",30500
Пам'ятник подвійний,Капустинський,granite,red,1000x500x80,Стандарт,"Базова, портрет і напис",37000
Пам'ятник подвійний,Капустинський,granite,red,1000x500x80,Стандарт,"Стандартна, портрет і орнамент",44000
Пам'ятник подвійний,Капустинський,granite,red,1000x500x80,Стандарт,"Складна, різьблення й декор",52500
Пам'ятник подвійний,Капустинський,granite,red,1000x500x80,Стандарт,"Елітна, скульптура й позолота",65500
Пам'ятник подвійний,Капустинський,granite,red,1000x600x80,Збільшений,"Проста форма, гравіювання напису",32500
Пам'ятник подвійний,Капустинський,granite,red,1000x600x80,Збільшений,"Базова, портрет і напис",39500
Пам'ятник подвійний,Капустинський,granite,red,1000x600x80,Збільшений,"Стандартна, портрет і орнамент",46500
Пам'ятник подвійний,Капустинський,granite,red,1000x600x80,Збільшений,"Складна, різьблення й декор",55500
Пам'ятник подвійний,Капустинський,granite,red,1000x600x80,Збільшений,"Елітна, скульптура й позолота",69500
Пам'ятник подвійний,Капустинський,granite,red,1200x600x80,Преміум,"Проста форма, гравіювання напису",34500
Пам'ятник подвійний,Капустинський,granite,red,1200x600x80,Преміум,"Базова, портрет і напис",42000
Пам'ятник подвійний,Капустинський,granite,red,1200x600x80,Преміум,"Стандартна, портрет і орнамент",49500
Пам'ятник подвійний,Капустинський,granite,red,1200x600x80,Преміум,"Складна, різьблення й декор",59500
Пам'ятник подвійний,Капустинський,granite,red,1200x600x80,Преміум,"Елітна, скульптура й позолота",74000
Пам'ятник подвійний,Танський,granite,grey,800x450x80,Економ,"Проста форма, гравіювання напису",28000
Пам'ятник подвійний,Танський,granite,grey,800x450x80,Економ,"Базова, портрет і напис",34000
Пам'ятник подвійний,Танський,granite,grey,800x450x80,Економ,"Стандартна, портрет і орнамент",40000
Пам'ятник подвійний,Танський,granite,grey,800x450x80,Економ,"Складна, різьблення й декор",48500
Пам'ятник подвійний,Танський,granite,grey,800x450x80,Економ,"Елітна, скульптура й позолота",60500
Пам'ятник подвійний,Танський,granite,grey,1000x500x80,Стандарт,"Проста форма, гравіювання напису",30500
Пам'ятник подвійний,Танський,granite,grey,1000x500x80,Стандарт,"Базова, портрет і напис",37500
Пам'ятник подвійний,Танський,granite,grey,1000x500x80,Стандарт,"Стандартна, портрет і орнамент",44000
Пам'ятник подвійний,Танський,granite,grey,1000x500x80,Стандарт,"Складна, різьблення й декор",52500
Пам'ятник подвійний,Танський,granite,grey,1000x500x80,Стандарт,"Елітна, скульптура й позолота",66000
Пам'ятник подвійний,Танський,granite,grey,1000x600x80,Збільшений,"Проста форма, гравіювання напису",32500
Пам'ятник подвійний,Танський,granite,grey,1000x600x80,Збільшений,"Базова, портрет і напис",39500
Пам'ятник подвійний,Танський,granite,grey,1000x600x80,Збільшений,"Стандартна, портрет і орнамент",46500
Пам'ятник подвійний,Танський,granite,grey,1000x600x80,Збільшений,"Складна, різьблення й декор",56000
Пам'ятник подвійний,Танський,granite,grey,1000x600x80,Збільшений,"Елітна, скульптура й позолота",70000
Пам'ятник подвійний,Танський,granite,grey,1200x600x80,Преміум,"Проста форма, гравіювання напису",35000
Пам'ятник подвійний,Танський,granite,grey,1200x600x80,Преміум,"Базова, портрет і напис",42000
Пам'ятник подвійний,Танський,granite,grey,1200x600x80,Преміум,"Стандартна, портрет і орнамент",49500
Пам'ятник подвійний,Танський,granite,grey,1200x600x80,Преміум,"Складна, різьблення й декор",59500
Пам'ятник подвійний,Танський,granite,grey,1200x600x80,Преміум,"Елітна, скульптура й позолота",74500
Пам'ятник подвійний,Софіївський,granite,grey,800x450x80,Економ,"Проста форма, гравіювання напису",28000
Пам'ятник подвійний,Софіївський,granite,grey,800x450x80,Економ,"Базова, портрет і напис",34500
Пам'ятник подвійний,Софіївський,granite,grey,800x450x80,Економ,"Стандартна, портрет і орнамент",40500
Пам'ятник подвійний,Софіївський,granite,grey,800x450x80,Економ,"Складна, різьблення й декор",48500
Пам'ятник подвійний,Софіївський,granite,grey,800x450x80,Економ,"Елітна, скульптура й позолота",60500
Пам'ятник подвійний,Софіївський,granite,grey,1000x500x80,Стандарт,"Проста форма, гравіювання напису",31000
Пам'ятник подвійний,Софіївський,granite,grey,1000x500x80,Стандарт,"Базова, портрет і напис",37500
Пам'ятник подвійний,Софіївський,granite,grey,1000x500x80,Стандарт,"Стандартна, портрет і орнамент",44000
Пам'ятник подвійний,Софіївський,granite,grey,1000x500x80,Стандарт,"Складна, різьблення й декор",53000
Пам'ятник подвійний,Софіївський,granite,grey,1000x500x80,Стандарт,"Елітна, скульптура й позолота",66000
Пам'ятник подвійний,Софіївський,granite,grey,1000x600x80,Збільшений,"Проста форма, гравіювання напису",32500
Пам'ятник подвійний,Софіївський,granite,grey,1000x600x80,Збільшений,"Базова, портрет і напис",39500
Пам'ятник подвійний,Софіївський,granite,grey,1000x600x80,Збільшений,"Стандартна, портрет і орнамент",46500
Пам'ятник подвійний,Софіївський,granite,grey,1000x600x80,Збільшений,"Складна, різьблення й декор",56000
Пам'ятник подвійний,Софіївський,granite,grey,1000x600x80,Збільшений,"Елітна, скульптура й позолота",70000
Пам'ятник подвійний,Софіївський,granite,grey,1200x600x80,Преміум,"Проста форма, гравіювання напису",35000
Пам'ятник подвійний,Софіївський,granite,grey,1200x600x80,Преміум,"Базова, портрет і напис",42500
Пам'ятник подвійний,Софіївський,granite,grey,1200x600x80,Преміум,"Стандартна, портрет і орнамент",50000
Пам'ятник подвійний,Софіївський,granite,grey,1200x600x80,Преміум,"Складна, різьблення й декор",60000
Пам'ятник подвійний,Софіївський,granite,grey,1200x600x80,Преміум,"Елітна, скульптура й позолота",75000
Пам'ятник подвійний,Межиріченський,granite,red,800x450x80,Економ,"Проста форма, гравіювання напису",28500
Пам'ятник подвійний,Межиріченський,granite,red,800x450x80,Економ,"Базова, портрет і напис",34500
Пам'ятник подвійний,Межиріченський,granite,red,800x450x80,Економ,"Стандартна, портрет і орнамент",40500
Пам'ятник подвійний,Межиріченський,granite,red,800x450x80,Економ,"Складна, різьблення й декор",48500
Пам'ятник подвійний,Межиріченський,granite,red,800x450x80,Економ,"Елітна, скульптура й позолота",61000
Пам'ятник подвійний,Межиріченський,granite,red,1000x500x80,Стандарт,"Проста форма, гравіювання напису",31000
Пам'ятник подвійний,Межиріченський,granite,red,1000x500x80,Стандарт,"Базова, портрет і напис",37500
Пам'ятник подвійний,Межиріченський,granite,red,1000x500x80,Стандарт,"Стандартна, портрет і орнамент",44500
Пам'ятник подвійний,Межиріченський,granite,red,1000x500x80,Стандарт,"Складна, різьблення й декор",53000
Пам'ятник подвійний,Межиріченський,granite,red,1000x500x80,Стандарт,"Елітна, скульптура й позолота",66500
Пам'ятник подвійний,Межиріченський,granite,red,1000x600x80,Збільшений,"Проста форма, гравіювання напису",33000
Пам'ятник подвійний,Межиріченський,granite,red,1000x600x80,Збільшений,"Базова, портрет і напис",40000
Пам'ятник подвійний,Межиріченський,granite,red,1000x600x80,Збільшений,"Стандартна, портрет і орнамент",47000
Пам'ятник подвійний,Межиріченський,granite,red,1000x600x80,Збільшений,"Складна, різьблення й декор",56500
Пам'ятник подвійний,Межиріченський,granite,red,1000x600x80,Збільшений,"Елітна, скульптура й позолота",70500
Пам'ятник подвійний,Межиріченський,granite,red,1200x600x80,Преміум,"Проста форма, гравіювання напису",35000
Пам'ятник подвійний,Межиріченський,granite,red,1200x600x80,Преміум,"Базова, портрет і напис",42500
Пам'ятник подвійний,Межиріченський,granite,red,1200x600x80,Преміум,"Стандартна, портрет і орнамент",50000
Пам'ятник подвійний,Межиріченський,granite,red,1200x600x80,Преміум,"Складна, різьблення й декор",60500
Пам'ятник подвійний,Межиріченський,granite,red,1200x600x80,Преміум,"Елітна, скульптура й позолота",75500
Пам'ятник подвійний,Лабрадорит (Горбулівський),labradorite,black,800x450x80,Економ,"Проста форма, гравіювання напису",28500
Пам'ятник подвійний,Лабрадорит (Горбулівський),labradorite,black,800x450x80,Економ,"Базова, портрет і напис",34500
Пам'ятник подвійний,Лабрадорит (Горбулівський),labradorite,black,800x450x80,Економ,"Стандартна, портрет і орнамент",40500
Пам'ятник подвійний,Лабрадорит (Горбулівський),labradorite,black,800x450x80,Економ,"Складна, різьблення й декор",48500
Пам'ятник подвійний,Лабрадорит (Горбулівський),labradorite,black,800x450x80,Економ,"Елітна, скульптура й позолота",61000
Пам'ятник подвійний,Лабрадорит (Горбулівський),labradorite,black,1000x500x80,Стандарт,"Проста форма, гравіювання напису",31000
Пам'ятник подвійний,Лабрадорит (Горбулівський),labradorite,black,1000x500x80,Стандарт,"Базова, портрет і напис",38000
Пам'ятник подвійний,Лабрадорит (Горбулівський),labradorite,black,1000x500x80,Стандарт,"Стандартна, портрет і орнамент",44500
Пам'ятник подвійний,Лабрадорит (Горбулівський),labradorite,black,1000x500x80,Стандарт,"Складна, різьблення й декор",53500
Пам'ятник подвійний,Лабрадорит (Горбулівський),labradorite,black,1000x500x80,Стандарт,"Елітна, скульптура й позолота",66500
Пам'ятник подвійний,Лабрадорит (Горбулівський),labradorite,black,1000x600x80,Збільшений,"Проста форма, гравіювання напису",33000
Пам'ятник подвійний,Лабрадорит (Горбулівський),labradorite,black,1000x600x80,Збільшений,"Базова, портрет і напис",40000
Пам'ятник подвійний,Лабрадорит (Горбулівський),labradorite,black,1000x600x80,Збільшений,"Стандартна, портрет і орнамент",47000
Пам'ятник подвійний,Лабрадорит (Горбулівський),labradorite,black,1000x600x80,Збільшений,"Складна, різьблення й декор",56500
Пам'ятник подвійний,Лабрадорит (Горбулівський),labradorite,black,1000x600x80,Збільшений,"Елітна, скульптура й позолота",70500
Пам'ятник подвійний,Лабрадорит (Горбулівський),labradorite,black,1200x600x80,Преміум,"Проста форма, гравіювання напису",35500
Пам'ятник подвійний,Лабрадорит (Горбулівський),labradorite,black,1200x600x80,Преміум,"Базова, портрет і напис",43000
Пам'ятник подвійний,Лабрадорит (Горбулівський),labradorite,black,1200x600x80,Преміум,"Стандартна, портрет і орнамент",50500
Пам'ятник подвійний,Лабрадорит (Горбулівський),labradorite,black,1200x600x80,Преміум,"Складна, різьблення й декор",60500
Пам'ятник подвійний,Лабрадорит (Горбулівський),labradorite,black,1200x600x80,Преміум,"Елітна, скульптура й позолота",75500
Пам'ятник подвійний,Габро (Букинське),gabbro,black,800x450x80,Економ,"Проста форма, гравіювання напису",28500
Пам'ятник подвійний,Габро (Букинське),gabbro,black,800x450x80,Економ,"Базова, портрет і напис",34500
Пам'ятник подвійний,Габро (Букинське),gabbro,black,800x450x80,Економ,"Стандартна, портрет і орнамент",40500
Пам'ятник подвійний,Габро (Букинське),gabbro,black,800x450x80,Економ,"Складна, різьблення й декор",49000
Пам'ятник подвійний,Габро (Букинське),gabbro,black,800x450x80,Економ,"Елітна, скульптура й позолота",61000
Пам'ятник подвійний,Габро (Букинське),gabbro,black,1000x500x80,Стандарт,"Проста форма, гравіювання напису",31000
Пам'ятник подвійний,Габро (Букинське),gabbro,black,1000x500x80,Стандарт,"Базова, портрет і напис",38000
Пам'ятник подвійний,Габро (Букинське),gabbro,black,1000x500x80,Стандарт,"Стандартна, портрет і орнамент",44500
Пам'ятник подвійний,Габро (Букинське),gabbro,black,1000x500x80,Стандарт,"Складна, різьблення й декор",53500
Пам'ятник подвійний,Габро (Букинське),gabbro,black,1000x500x80,Стандарт,"Елітна, скульптура й позолота",67000
Пам'ятник подвійний,Габро (Букинське),gabbro,black,1000x600x80,Збільшений,"Проста форма, гравіювання напису",33000
Пам'ятник подвійний,Габро (Букинське),gabbro,black,1000x600x80,Збільшений,"Базова, портрет і напис",40000
Пам'ятник подвійний,Габро (Букинське),gabbro,black,1000x600x80,Збільшений,"Стандартна, портрет і орнамент",47500
Пам'ятник подвійний,Габро (Букинське),gabbro,black,1000x600x80,Збільшений,"Складна, різьблення й декор",57000
Пам'ятник подвійний,Габро (Букинське),gabbro,black,1000x600x80,Збільшений,"Елітна, скульптура й позолота",71000
Пам'ятник подвійний,Габро (Букинське),gabbro,black,1200x600x80,Преміум,"Проста форма, гравіювання напису",35500
Пам'ятник подвійний,Габро (Букинське),gabbro,black,1200x600x80,Преміум,"Базова, портрет і напис",43000
Пам'ятник подвійний,Габро (Букинське),gabbro,black,1200x600x80,Преміум,"Стандартна, портрет і орнамент",50500
Пам'ятник подвійний,Габро (Букинське),gabbro,black,1200x600x80,Преміум,"Складна, різьблення й декор",60500
Пам'ятник подвійний,Габро (Букинське),gabbro,black,1200x600x80,Преміум,"Елітна, скульптура й позолота",76000
Пам'ятник подвійний,Дідковицький,granite,green,800x450x80,Економ,"Проста форма, гравіювання напису",29000
Пам'ятник подвійний,Дідковицький,granite,green,800x450x80,Економ,"Базова, портрет і напис",35000
Пам'ятник подвійний,Дідковицький,granite,green,800x450x80,Економ,"Стандартна, портрет і орнамент",41000
Пам'ятник подвійний,Дідковицький,granite,green,800x450x80,Економ,"Складна, різьблення й декор",49500
Пам'ятник подвійний,Дідковицький,granite,green,800x450x80,Економ,"Елітна, скульптура й позолота",61500
Пам'ятник подвійний,Дідковицький,granite,green,1000x500x80,Стандарт,"Проста форма, гравіювання напису",31500
Пам'ятник подвійний,Дідковицький,granite,green,1000x500x80,Стандарт,"Базова, портрет і напис",38500
Пам'ятник подвійний,Дідковицький,granite,green,1000x500x80,Стандарт,"Стандартна, портрет і орнамент",45000
Пам'ятник подвійний,Дідковицький,granite,green,1000x500x80,Стандарт,"Складна, різьблення й декор",54000
Пам'ятник подвійний,Дідковицький,granite,green,1000x500x80,Стандарт,"Елітна, скульптура й позолота",67500
Пам'ятник подвійний,Дідковицький,granite,green,1000x600x80,Збільшений,"Проста форма, гравіювання напису",33500
Пам'ятник подвійний,Дідковицький,granite,green,1000x600x80,Збільшений,"Базова, портрет і напис",40500
Пам'ятник подвійний,Дідковицький,granite,green,1000x600x80,Збільшений,"Стандартна, портрет і орнамент",48000
Пам'ятник подвійний,Дідковицький,granite,green,1000x600x80,Збільшений,"Складна, різьблення й декор",57500
Пам'ятник подвійний,Дідковицький,granite,green,1000x600x80,Збільшений,"Елітна, скульптура й позолота",72000
Пам'ятник подвійний,Дідковицький,granite,green,1200x600x80,Преміум,"Проста форма, гравіювання напису",36000
Пам'ятник подвійний,Дідковицький,granite,green,1200x600x80,Преміум,"Базова, портрет і напис",43500
Пам'ятник подвійний,Дідковицький,granite,green,1200x600x80,Преміум,"Стандартна, портрет і орнамент",51500
Пам'ятник подвійний,Дідковицький,granite,green,1200x600x80,Преміум,"Складна, різьблення й декор",61500
Пам'ятник подвійний,Дідковицький,granite,green,1200x600x80,Преміум,"Елітна, скульптура й позолота",77000
Пам'ятник подвійний,Токівський,granite,brown,800x450x80,Економ,"Проста форма, гравіювання напису",29000
Пам'ятник подвійний,Токівський,granite,brown,800x450x80,Економ,"Базова, портрет і напис",35500
Пам'ятник подвійний,Токівський,granite,brown,800x450x80,Економ,"Стандартна, портрет і орнамент",42000
Пам'ятник подвійний,Токівський,granite,brown,800x450x80,Економ,"Складна, різьблення й декор",50000
Пам'ятник подвійний,Токівський,granite,brown,800x450x80,Економ,"Елітна, скульптура й позолота",62500
Пам'ятник подвійний,Токівський,granite,brown,1000x500x80,Стандарт,"Проста форма, гравіювання напису",32000
Пам'ятник подвійний,Токівський,granite,brown,1000x500x80,Стандарт,"Базова, портрет і напис",39000
Пам'ятник подвійний,Токівський,granite,brown,1000x500x80,Стандарт,"Стандартна, портрет і орнамент",46000
Пам'ятник подвійний,Токівський,granite,brown,1000x500x80,Стандарт,"Складна, різьблення й декор",55000
Пам'ятник подвійний,Токівський,granite,brown,1000x500x80,Стандарт,"Елітна, скульптура й позолота",69000
Пам'ятник подвійний,Токівський,granite,brown,1000x600x80,Збільшений,"Проста форма, гравіювання напису",34500
Пам'ятник подвійний,Токівський,granite,brown,1000x600x80,Збільшений,"Базова, портрет і напис",41500
Пам'ятник подвійний,Токівський,granite,brown,1000x600x80,Збільшений,"Стандартна, портрет і орнамент",49000
Пам'ятник подвійний,Токівський,granite,brown,1000x600x80,Збільшений,"Складна, різьблення й декор",59000
Пам'ятник подвійний,Токівський,granite,brown,1000x600x80,Збільшений,"Елітна, скульптура й позолота",73500
Пам'ятник подвійний,Токівський,granite,brown,1200x600x80,Преміум,"Проста форма, гравіювання напису",37000
Пам'ятник подвійний,Токівський,granite,brown,1200x600x80,Преміум,"Базова, портрет і напис",45000
Пам'ятник подвійний,Токівський,granite,brown,1200x600x80,Преміум,"Стандартна, портрет і орнамент",52500
Пам'ятник подвійний,Токівський,granite,brown,1200x600x80,Преміум,"Складна, різьблення й декор",63000
Пам'ятник подвійний,Токівський,granite,brown,1200x600x80,Преміум,"Елітна, скульптура й позолота",79000
Пам'ятник подвійний,Берестовецький,granite,black,800x450x80,Економ,"Проста форма, гравіювання напису",29500
Пам'ятник подвійний,Берестовецький,granite,black,800x450x80,Економ,"Базова, портрет і напис",35500
Пам'ятник подвійний,Берестовецький,granite,black,800x450x80,Економ,"Стандартна, портрет і орнамент",42000
Пам'ятник подвійний,Берестовецький,granite,black,800x450x80,Економ,"Складна, різьблення й декор",50500
Пам'ятник подвійний,Берестовецький,granite,black,800x450x80,Економ,"Елітна, скульптура й позолота",63000
Пам'ятник подвійний,Берестовецький,granite,black,1000x500x80,Стандарт,"Проста форма, гравіювання напису",32500
Пам'ятник подвійний,Берестовецький,granite,black,1000x500x80,Стандарт,"Базова, портрет і напис",39500
Пам'ятник подвійний,Берестовецький,granite,black,1000x500x80,Стандарт,"Стандартна, портрет і орнамент",46500
Пам'ятник подвійний,Берестовецький,granite,black,1000x500x80,Стандарт,"Складна, різьблення й декор",55500
Пам'ятник подвійний,Берестовецький,granite,black,1000x500x80,Стандарт,"Елітна, скульптура й позолота",69500
Пам'ятник подвійний,Берестовецький,granite,black,1000x600x80,Збільшений,"Проста форма, гравіювання напису",34500
Пам'ятник подвійний,Берестовецький,granite,black,1000x600x80,Збільшений,"Базова, портрет і напис",42000
Пам'ятник подвійний,Берестовецький,granite,black,1000x600x80,Збільшений,"Стандартна, портрет і орнамент",49500
Пам'ятник подвійний,Берестовецький,granite,black,1000x600x80,Збільшений,"Складна, різьблення й декор",59500
Пам'ятник подвійний,Берестовецький,granite,black,1000x600x80,Збільшений,"Елітна, скульптура й позолота",74500
Пам'ятник подвійний,Берестовецький,granite,black,1200x600x80,Преміум,"Проста форма, гравіювання напису",37500
Пам'ятник подвійний,Берестовецький,granite,black,1200x600x80,Преміум,"Базова, портрет і напис",45500
Пам'ятник подвійний,Берестовецький,granite,black,1200x600x80,Преміум,"Стандартна, портрет і орнамент",53500
Пам'ятник подвійний,Берестовецький,granite,black,1200x600x80,Преміум,"Складна, різьблення й декор",64000
Пам'ятник подвійний,Берестовецький,granite,black,1200x600x80,Преміум,"Елітна, скульптура й позолота",80000
Пам'ятник подвійний,Маславський,granite,green,800x450x80,Економ,"Проста форма, гравіювання напису",30000
Пам'ятник подвійний,Маславський,granite,green,800x450x80,Економ,"Базова, портрет і напис",36500
Пам'ятник подвійний,Маславський,granite,green,800x450x80,Економ,"Стандартна, портрет і орнамент",43000
Пам'ятник подвійний,Маславський,granite,green,800x450x80,Економ,"Складна, різьблення й декор",51500
Пам'ятник подвійний,Маславський,granite,green,800x450x80,Економ,"Елітна, скульптура й позолота",64500
Пам'ятник подвійний,Маславський,granite,green,1000x500x80,Стандарт,"Проста форма, гравіювання напису",33500
Пам'ятник подвійний,Маславський,granite,green,1000x500x80,Стандарт,"Базова, портрет і напис",40500
Пам'ятник подвійний,Маславський,granite,green,1000x500x80,Стандарт,"Стандартна, портрет і орнамент",47500
Пам'ятник подвійний,Маславський,granite,green,1000x500x80,Стандарт,"Складна, різьблення й декор",57500
Пам'ятник подвійний,Маславський,granite,green,1000x500x80,Стандарт,"Елітна, скульптура й позолота",71500
Пам'ятник подвійний,Маславський,granite,green,1000x600x80,Збільшений,"Проста форма, гравіювання напису",36000
Пам'ятник подвійний,Маславський,granite,green,1000x600x80,Збільшений,"Базова, портрет і напис",43500
Пам'ятник подвійний,Маславський,granite,green,1000x600x80,Збільшений,"Стандартна, портрет і орнамент",51000
Пам'ятник подвійний,Маславський,granite,green,1000x600x80,Збільшений,"Складна, різьблення й декор",61500
Пам'ятник подвійний,Маславський,granite,green,1000x600x80,Збільшений,"Елітна, скульптура й позолота",76500
Пам'ятник подвійний,Маславський,granite,green,1200x600x80,Преміум,"Проста форма, гравіювання напису",38500
Пам'ятник подвійний,Маславський,granite,green,1200x600x80,Преміум,"Базова, портрет і напис",47000
Пам'ятник подвійний,Маславський,granite,green,1200x600x80,Преміум,"Стандартна, портрет і орнамент",55000
Пам'ятник подвійний,Маславський,granite,green,1200x600x80,Преміум,"Складна, різьблення й декор",66000
Пам'ятник подвійний,Маславський,granite,green,1200x600x80,Преміум,"Елітна, скульптура й позолота",82500
Пам'ятник подвійний,Лезниківський,granite,red,800x450x80,Економ,"Проста форма, гравіювання напису",29000
Пам'ятник подвійний,Лезниківський,granite,red,800x450x80,Економ,"Базова, портрет і напис",35000
Пам'ятник подвійний,Лезниківський,granite,red,800x450x80,Економ,"Стандартна, портрет і орнамент",41500
Пам'ятник подвійний,Лезниківський,granite,red,800x450x80,Економ,"Складна, різьблення й декор",49500
Пам'ятник подвійний,Лезниківський,granite,red,800x450x80,Економ,"Елітна, скульптура й позолота",62000
Пам'ятник подвійний,Лезниківський,granite,red,1000x500x80,Стандарт,"Проста форма, гравіювання напису",31500
Пам'ятник подвійний,Лезниківський,granite,red,1000x500x80,Стандарт,"Базова, портрет і напис",38500
Пам'ятник подвійний,Лезниківський,granite,red,1000x500x80,Стандарт,"Стандартна, портрет і орнамент",45500
Пам'ятник подвійний,Лезниківський,granite,red,1000x500x80,Стандарт,"Складна, різьблення й декор",54500
Пам'ятник подвійний,Лезниківський,granite,red,1000x500x80,Стандарт,"Елітна, скульптура й позолота",68000
Пам'ятник подвійний,Лезниківський,granite,red,1000x600x80,Збільшений,"Проста форма, гравіювання напису",34000
Пам'ятник подвійний,Лезниківський,granite,red,1000x600x80,Збільшений,"Базова, портрет і напис",41000
Пам'ятник подвійний,Лезниківський,granite,red,1000x600x80,Збільшений,"Стандартна, портрет і орнамент",48500
Пам'ятник подвійний,Лезниківський,granite,red,1000x600x80,Збільшений,"Складна, різьблення й декор",58000
Пам'ятник подвійний,Лезниківський,granite,red,1000x600x80,Збільшений,"Елітна, скульптура й позолота",72500
Пам'ятник подвійний,Лезниківський,granite,red,1200x600x80,Преміум,"Проста форма, гравіювання напису",36000
Пам'ятник подвійний,Лезниківський,granite,red,1200x600x80,Преміум,"Базова, портрет і напис",44000
Пам'ятник подвійний,Лезниківський,granite,red,1200x600x80,Преміум,"Стандартна, портрет і орнамент",51500
Пам'ятник подвійний,Лезниківський,granite,red,1200x600x80,Преміум,"Складна, різьблення й декор",62000
Пам'ятник подвійний,Лезниківський,granite,red,1200x600x80,Преміум,"Елітна, скульптура й позолота",77500
Пам'ятник подвійний,Мармур білий,marble,white,800x450x80,Економ,"Проста форма, гравіювання напису",30500
Пам'ятник подвійний,Мармур білий,marble,white,800x450x80,Економ,"Базова, портрет і напис",37000
Пам'ятник подвійний,Мармур білий,marble,white,800x450x80,Економ,"Стандартна, портрет і орнамент",43500
Пам'ятник подвійний,Мармур білий,marble,white,800x450x80,Економ,"Складна, різьблення й декор",52500
Пам'ятник подвійний,Мармур білий,marble,white,800x450x80,Економ,"Елітна, скульптура й позолота",65500
Пам'ятник подвійний,Мармур білий,marble,white,1000x500x80,Стандарт,"Проста форма, гравіювання напису",34000
Пам'ятник подвійний,Мармур білий,marble,white,1000x500x80,Стандарт,"Базова, портрет і напис",41500
Пам'ятник подвійний,Мармур білий,marble,white,1000x500x80,Стандарт,"Стандартна, портрет і орнамент",48500
Пам'ятник подвійний,Мармур білий,marble,white,1000x500x80,Стандарт,"Складна, різьблення й декор",58500
Пам'ятник подвійний,Мармур білий,marble,white,1000x500x80,Стандарт,"Елітна, скульптура й позолота",73000
Пам'ятник подвійний,Мармур білий,marble,white,1000x600x80,Збільшений,"Проста форма, гравіювання напису",36500
Пам'ятник подвійний,Мармур білий,marble,white,1000x600x80,Збільшений,"Базова, портрет і напис",44500
Пам'ятник подвійний,Мармур білий,marble,white,1000x600x80,Збільшений,"Стандартна, портрет і орнамент",52000
Пам'ятник подвійний,Мармур білий,marble,white,1000x600x80,Збільшений,"Складна, різьблення й декор",62500
Пам'ятник подвійний,Мармур білий,marble,white,1000x600x80,Збільшений,"Елітна, скульптура й позолота",78500
Пам'ятник подвійний,Мармур білий,marble,white,1200x600x80,Преміум,"Проста форма, гравіювання напису",39500
Пам'ятник подвійний,Мармур білий,marble,white,1200x600x80,Преміум,"Базова, портрет і напис",48000
Пам'ятник подвійний,Мармур білий,marble,white,1200x600x80,Преміум,"Стандартна, портрет і орнамент",56500
Пам'ятник подвійний,Мармур білий,marble,white,1200x600x80,Преміум,"Складна, різьблення й декор",68000
Пам'ятник подвійний,Мармур білий,marble,white,1200x600x80,Преміум,"Елітна, скульптура й позолота",84500
Пам'ятник європейський,Покостівський,granite,grey,800x450x80,Економ,"Проста форма, гравіювання напису",24000
Пам'ятник європейський,Покостівський,granite,grey,800x450x80,Економ,"Базова, портрет і напис",29000
Пам'ятник європейський,Покостівський,granite,grey,800x450x80,Економ,"Стандартна, портрет і орнамент",34000
Пам'ятник європейський,Покостівський,granite,grey,800x450x80,Економ,"Складна, різьблення й декор",41000
Пам'ятник європейський,Покостівський,granite,grey,800x450x80,Економ,"Елітна, скульптура й позолота",51000
Пам'ятник європейський,Покостівський,granite,grey,1000x500x80,Стандарт,"Проста форма, гравіювання напису",26000
Пам'ятник європейський,Покостівський,granite,grey,1000x500x80,Стандарт,"Базова, портрет і напис",31500
Пам'ятник європейський,Покостівський,granite,grey,1000x500x80,Стандарт,"Стандартна, портрет і орнамент",37000
Пам'ятник європейський,Покостівський,granite,grey,1000x500x80,Стандарт,"Складна, різьблення й декор",44500
Пам'ятник європейський,Покостівський,granite,grey,1000x500x80,Стандарт,"Елітна, скульптура й позолота",55500
Пам'ятник європейський,Покостівський,granite,grey,1000x600x80,Збільшений,"Проста форма, гравіювання напису",27500
Пам'ятник європейський,Покостівський,granite,grey,1000x600x80,Збільшений,"Базова, портрет і напис",33000
Пам'ятник європейський,Покостівський,granite,grey,1000x600x80,Збільшений,"Стандартна, портрет і орнамент",39000
Пам'ятник європейський,Покостівський,granite,grey,1000x600x80,Збільшений,"Складна, різьблення й декор",47000
Пам'ятник європейський,Покостівський,granite,grey,1000x600x80,Збільшений,"Елітна, скульптура й позолота",58500
Пам'ятник європейський,Покостівський,granite,grey,1200x600x80,Преміум,"Проста форма, гравіювання напису",29000
Пам'ятник європейський,Покостівський,granite,grey,1200x600x80,Преміум,"Базова, портрет і напис",35500
Пам'ятник європейський,Покостівський,granite,grey,1200x600x80,Преміум,"Стандартна, портрет і орнамент",41500
Пам'ятник європейський,Покостівський,granite,grey,1200x600x80,Преміум,"Складна, різьблення й декор",50000
Пам'ятник європейський,Покостівський,granite,grey,1200x600x80,Преміум,"Елітна, скульптура й позолота",62500
Пам'ятник європейський,Габро (Головинське),gabbro,black,800x450x80,Економ,"Проста форма, гравіювання напису",24500
Пам'ятник європейський,Габро (Головинське),gabbro,black,800x450x80,Економ,"Базова, портрет і напис",29500
Пам'ятник європейський,Габро (Головинське),gabbro,black,800x450x80,Економ,"Стандартна, портрет і орнамент",35000
Пам'ятник європейський,Габро (Головинське),gabbro,black,800x450x80,Економ,"Складна, різьблення й декор",42000
Пам'ятник європейський,Габро (Головинське),gabbro,black,800x450x80,Економ,"Елітна, скульптура й позолота",52500
Пам'ятник європейський,Габро (Головинське),gabbro,black,1000x500x80,Стандарт,"Проста форма, гравіювання напису",26500
Пам'ятник європейський,Габро (Головинське),gabbro,black,1000x500x80,Стандарт,"Базова, портрет і напис",32500
Пам'ятник європейський,Габро (Головинське),gabbro,black,1000x500x80,Стандарт,"Стандартна, портрет і орнамент",38000
Пам'ятник європейський,Габро (Головинське),gabbro,black,1000x500x80,Стандарт,"Складна, різьблення й декор",46000
Пам'ятник європейський,Габро (Головинське),gabbro,black,1000x500x80,Стандарт,"Елітна, скульптура й позолота",57000
Пам'ятник європейський,Габро (Головинське),gabbro,black,1000x600x80,Збільшений,"Проста форма, гравіювання напису",28500
Пам'ятник європейський,Габро (Головинське),gabbro,black,1000x600x80,Збільшений,"Базова, портрет і напис",34500
Пам'ятник європейський,Габро (Головинське),gabbro,black,1000x600x80,Збільшений,"Стандартна, портрет і орнамент",40500
Пам'ятник європейський,Габро (Головинське),gabbro,black,1000x600x80,Збільшений,"Складна, різьблення й декор",48500
Пам'ятник європейський,Габро (Головинське),gabbro,black,1000x600x80,Збільшений,"Елітна, скульптура й позолота",60500
Пам'ятник європейський,Габро (Головинське),gabbro,black,1200x600x80,Преміум,"Проста форма, гравіювання напису",30000
Пам'ятник європейський,Габро (Головинське),gabbro,black,1200x600x80,Преміум,"Базова, портрет і напис",36500
Пам'ятник європейський,Габро (Головинське),gabbro,black,1200x600x80,Преміум,"Стандартна, портрет і орнамент",43000
Пам'ятник європейський,Габро (Головинське),gabbro,black,1200x600x80,Преміум,"Складна, різьблення й декор",52000
Пам'ятник європейський,Габро (Головинське),gabbro,black,1200x600x80,Преміум,"Елітна, скульптура й позолота",65000
Пам'ятник європейський,Лабрадорит (Добринський),labradorite,black,800x450x80,Економ,"Проста форма, гравіювання напису",25500
Пам'ятник європейський,Лабрадорит (Добринський),labradorite,black,800x450x80,Економ,"Базова, портрет і напис",31000
Пам'ятник європейський,Лабрадорит (Добринський),labradorite,black,800x450x80,Економ,"Стандартна, портрет і орнамент",36000
Пам'ятник європейський,Лабрадорит (Добринський),labradorite,black,800x450x80,Економ,"Складна, різьблення й декор",43500
Пам'ятник європейський,Лабрадорит (Добринський),labradorite,black,800x450x80,Економ,"Елітна, скульптура й позолота",54500
Пам'ятник європейський,Лабрадорит (Добринський),labradorite,black,1000x500x80,Стандарт,"Проста форма, гравіювання напису",28000
Пам'ятник європейський,Лабрадорит (Добринський),labradorite,black,1000x500x80,Стандарт,"Базова, портрет і напис",34000
Пам'ятник європейський,Лабрадорит (Добринський),labradorite,black,1000x500x80,Стандарт,"Стандартна, портрет і орнамент",40000
Пам'ятник європейський,Лабрадорит (Добринський),labradorite,black,1000x500x80,Стандарт,"Складна, різьблення й декор",48000
Пам'ятник європейський,Лабрадорит (Добринський),labradorite,black,1000x500x80,Стандарт,"Елітна, скульптура й позолота",60000
Пам'ятник європейський,Лабрадорит (Добринський),labradorite,black,1000x600x80,Збільшений,"Проста форма, гравіювання напису",30000
Пам'ятник європейський,Лабрадорит (Добринський),labradorite,black,1000x600x80,Збільшений,"Базова, портрет і напис",36000
Пам'ятник європейський,Лабрадорит (Добринський),labradorite,black,1000x600x80,Збільшений,"Стандартна, портрет і орнамент",42500
Пам'ятник європейський,Лабрадорит (Добринський),labradorite,black,1000x600x80,Збільшений,"Складна, різьблення й декор",51000
Пам'ятник європейський,Лабрадорит (Добринський),labradorite,black,1000x600x80,Збільшений,"Елітна, скульптура й позолота",64000
Пам'ятник європейський,Лабрадорит (Добринський),labradorite,black,1200x600x80,Преміум,"Проста форма, гравіювання напису",32000
Пам'ятник європейський,Лабрадорит (Добринський),labradorite,black,1200x600x80,Преміум,"Базова, портрет і напис",39000
Пам'ятник європейський,Лабрадорит (Добринський),labradorite,black,1200x600x80,Преміум,"Стандартна, портрет і орнамент",45500
Пам'ятник європейський,Лабрадорит (Добринський),labradorite,black,1200x600x80,Преміум,"Складна, різьблення й декор",55000
Пам'ятник європейський,Лабрадорит (Добринський),labradorite,black,1200x600x80,Преміум,"Елітна, скульптура й позолота",68500
Пам'ятник європейський,Корнинський,granite,grey,800x450x80,Економ,"Проста форма, гравіювання напису",25500
Пам'ятник європейський,Корнинський,granite,grey,800x450x80,Економ,"Базова, портрет і напис",31000
Пам'ятник європейський,Корнинський,granite,grey,800x450x80,Економ,"Стандартна, портрет і орнамент",36500
Пам'ятник європейський,Корнинський,granite,grey,800x450x80,Економ,"Складна, різьблення й декор",43500
Пам'ятник європейський,Корнинський,granite,grey,800x450x80,Економ,"Елітна, скульптура й позолота",54500
Пам'ятник європейський,Корнинський,granite,grey,1000x500x80,Стандарт,"Проста форма, гравіювання напису",28000
Пам'ятник європейський,Корнинський,granite,grey,1000x500x80,Стандарт,"Базова, портрет і напис",34000
Пам'ятник європейський,Корнинський,granite,grey,1000x500x80,Стандарт,"Стандартна, портрет і орнамент",40000
Пам'ятник європейський,Корнинський,granite,grey,1000x500x80,Стандарт,"Складна, різьблення й декор",48000
Пам'ятник європейський,Корнинський,granite,grey,1000x500x80,Стандарт,"Елітна, скульптура й позолота",60000
Пам'ятник європейський,Корнинський,granite,grey,1000x600x80,Збільшений,"Проста форма, гравіювання напису",30000
Пам'ятник європейський,Корнинський,granite,grey,1000x600x80,Збільшений,"Базова, портрет і напис",36500
Пам'ятник європейський,Корнинський,granite,grey,1000x600x80,Збільшений,"Стандартна, портрет і орнамент",43000
Пам'ятник європейський,Корнинський,granite,grey,1000x600x80,Збільшений,"Складна, різьблення й декор",51500
Пам'ятник європейський,Корнинський,granite,grey,1000x600x80,Збільшений,"Елітна, скульптура й позолота",64500
Пам'ятник європейський,Корнинський,granite,grey,1200x600x80,Преміум,"Проста форма, гравіювання напису",32500
Пам'ятник європейський,Корнинський,granite,grey,1200x600x80,Преміум,"Базова, портрет і напис",39000
Пам'ятник європейський,Корнинський,granite,grey,1200x600x80,Преміум,"Стандартна, портрет і орнамент",46000
Пам'ятник європейський,Корнинський,granite,grey,1200x600x80,Преміум,"Складна, різьблення й декор",55500
Пам'ятник європейський,Корнинський,granite,grey,1200x600x80,Преміум,"Елітна, скульптура й позолота",69000
Пам'ятник європейський,Капустинський,granite,red,800x450x80,Економ,"Проста форма, гравіювання напису",26000
Пам'ятник європейський,Капустинський,granite,red,800x450x80,Економ,"Базова, портрет і напис",31500
Пам'ятник європейський,Капустинський,granite,red,800x450x80,Економ,"Стандартна, портрет і орнамент",37000
Пам'ятник європейський,Капустинський,granite,red,800x450x80,Економ,"Складна, різьблення й декор",44000
Пам'ятник європейський,Капустинський,granite,red,800x450x80,Економ,"Елітна, скульптура й позолота",55000
Пам'ятник європейський,Капустинський,granite,red,1000x500x80,Стандарт,"Проста форма, гравіювання напису",28500
Пам'ятник європейський,Капустинський,granite,red,1000x500x80,Стандарт,"Базова, портрет і напис",34500
Пам'ятник європейський,Капустинський,granite,red,1000x500x80,Стандарт,"Стандартна, портрет і орнамент",40500
Пам'ятник європейський,Капустинський,granite,red,1000x500x80,Стандарт,"Складна, різьблення й декор",49000
Пам'ятник європейський,Капустинський,granite,red,1000x500x80,Стандарт,"Елітна, скульптура й позолота",61000
Пам'ятник європейський,Капустинський,granite,red,1000x600x80,Збільшений,"Проста форма, гравіювання напису",30500
Пам'ятник європейський,Капустинський,granite,red,1000x600x80,Збільшений,"Базова, портрет і напис",37000
Пам'ятник європейський,Капустинський,granite,red,1000x600x80,Збільшений,"Стандартна, портрет і орнамент",43500
Пам'ятник європейський,Капустинський,granite,red,1000x600x80,Збільшений,"Складна, різьблення й декор",52500
Пам'ятник європейський,Капустинський,granite,red,1000x600x80,Збільшений,"Елітна, скульптура й позолота",65500
Пам'ятник європейський,Капустинський,granite,red,1200x600x80,Преміум,"Проста форма, гравіювання напису",33000
Пам'ятник європейський,Капустинський,granite,red,1200x600x80,Преміум,"Базова, портрет і напис",40000
Пам'ятник європейський,Капустинський,granite,red,1200x600x80,Преміум,"Стандартна, портрет і орнамент",47000
Пам'ятник європейський,Капустинський,granite,red,1200x600x80,Преміум,"Складна, різьблення й декор",56500
Пам'ятник європейський,Капустинський,granite,red,1200x600x80,Преміум,"Елітна, скульптура й позолота",70500
Пам'ятник європейський,Танський,granite,grey,800x450x80,Економ,"Проста форма, гравіювання напису",26000
Пам'ятник європейський,Танський,granite,grey,800x450x80,Економ,"Базова, портрет і напис",31500
Пам'ятник європейський,Танський,granite,grey,800x450x80,Економ,"Стандартна, портрет і орнамент",37000
Пам'ятник європейський,Танський,granite,grey,800x450x80,Економ,"Складна, різьблення й декор",44500
Пам'ятник європейський,Танський,granite,grey,800x450x80,Економ,"Елітна, скульптура й позолота",55500
Пам'ятник європейський,Танський,granite,grey,1000x500x80,Стандарт,"Проста форма, гравіювання напису",28500
Пам'ятник європейський,Танський,granite,grey,1000x500x80,Стандарт,"Базова, портрет і напис",34500
Пам'ятник європейський,Танський,granite,grey,1000x500x80,Стандарт,"Стандартна, портрет і орнамент",41000
Пам'ятник європейський,Танський,granite,grey,1000x500x80,Стандарт,"Складна, різьблення й декор",49000
Пам'ятник європейський,Танський,granite,grey,1000x500x80,Стандарт,"Елітна, скульптура й позолота",61500
Пам'ятник європейський,Танський,granite,grey,1000x600x80,Збільшений,"Проста форма, гравіювання напису",30500
Пам'ятник європейський,Танський,granite,grey,1000x600x80,Збільшений,"Базова, портрет і напис",37000
Пам'ятник європейський,Танський,granite,grey,1000x600x80,Збільшений,"Стандартна, портрет і орнамент",43500
Пам'ятник європейський,Танський,granite,grey,1000x600x80,Збільшений,"Складна, різьблення й декор",52500
Пам'ятник європейський,Танський,granite,grey,1000x600x80,Збільшений,"Елітна, скульптура й позолота",65500
Пам'ятник європейський,Танський,granite,grey,1200x600x80,Преміум,"Проста форма, гравіювання напису",33000
Пам'ятник європейський,Танський,granite,grey,1200x600x80,Преміум,"Базова, портрет і напис",40000
Пам'ятник європейський,Танський,granite,grey,1200x600x80,Преміум,"Стандартна, портрет і орнамент",47000
Пам'ятник європейський,Танський,granite,grey,1200x600x80,Преміум,"Складна, різьблення й декор",56500
Пам'ятник європейський,Танський,granite,grey,1200x600x80,Преміум,"Елітна, скульптура й позолота",70500
Пам'ятник європейський,Софіївський,granite,grey,800x450x80,Економ,"Проста форма, гравіювання напису",26000
Пам'ятник європейський,Софіївський,granite,grey,800x450x80,Економ,"Базова, портрет і напис",31500
Пам'ятник європейський,Софіївський,granite,grey,800x450x80,Економ,"Стандартна, портрет і орнамент",37000
Пам'ятник європейський,Софіївський,granite,grey,800x450x80,Економ,"Складна, різьблення й декор",44500
Пам'ятник європейський,Софіївський,granite,grey,800x450x80,Економ,"Елітна, скульптура й позолота",55500
Пам'ятник європейський,Софіївський,granite,grey,1000x500x80,Стандарт,"Проста форма, гравіювання напису",28500
Пам'ятник європейський,Софіївський,granite,grey,1000x500x80,Стандарт,"Базова, портрет і напис",35000
Пам'ятник європейський,Софіївський,granite,grey,1000x500x80,Стандарт,"Стандартна, портрет і орнамент",41000
Пам'ятник європейський,Софіївський,granite,grey,1000x500x80,Стандарт,"Складна, різьблення й декор",49000
Пам'ятник європейський,Софіївський,granite,grey,1000x500x80,Стандарт,"Елітна, скульптура й позолота",61500
Пам'ятник європейський,Софіївський,granite,grey,1000x600x80,Збільшений,"Проста форма, гравіювання напису",30500
Пам'ятник європейський,Софіївський,granite,grey,1000x600x80,Збільшений,"Базова, портрет і напис",37500
Пам'ятник європейський,Софіївський,granite,grey,1000x600x80,Збільшений,"Стандартна, портрет і орнамент",44000
Пам'ятник європейський,Софіївський,granite,grey,1000x600x80,Збільшений,"Складна, різьблення й декор",52500
Пам'ятник європейський,Софіївський,granite,grey,1000x600x80,Збільшений,"Елітна, скульптура й позолота",66000
Пам'ятник європейський,Софіївський,granite,grey,1200x600x80,Преміум,"Проста форма, гравіювання напису",33000
Пам'ятник європейський,Софіївський,granite,grey,1200x600x80,Преміум,"Базова, портрет і напис",40000
Пам'ятник європейський,Софіївський,granite,grey,1200x600x80,Преміум,"Стандартна, портрет і орнамент",47500
Пам'ятник європейський,Софіївський,granite,grey,1200x600x80,Преміум,"Складна, різьблення й декор",57000
Пам'ятник європейський,Софіївський,granite,grey,1200x600x80,Преміум,"Елітна, скульптура й позолота",71000
Пам'ятник європейський,Межиріченський,granite,red,800x450x80,Економ,"Проста форма, гравіювання напису",26000
Пам'ятник європейський,Межиріченський,granite,red,800x450x80,Економ,"Базова, портрет і напис",31500
Пам'ятник європейський,Межиріченський,granite,red,800x450x80,Економ,"Стандартна, портрет і орнамент",37000
Пам'ятник європейський,Межиріченський,granite,red,800x450x80,Економ,"Складна, різьблення й декор",44500
Пам'ятник європейський,Межиріченський,granite,red,800x450x80,Економ,"Елітна, скульптура й позолота",56000
Пам'ятник європейський,Межиріченський,granite,red,1000x500x80,Стандарт,"Проста форма, гравіювання напису",29000
Пам'ятник європейський,Межиріченський,granite,red,1000x500x80,Стандарт,"Базова, портрет і напис",35000
Пам'ятник європейський,Межиріченський,granite,red,1000x500x80,Стандарт,"Стандартна, портрет і орнамент",41500
Пам'ятник європейський,Межиріченський,granite,red,1000x500x80,Стандарт,"Складна, різьблення й декор",49500
Пам'ятник європейський,Межиріченський,granite,red,1000x500x80,Стандарт,"Елітна, скульптура й позолота",62000
Пам'ятник європейський,Межиріченський,granite,red,1000x600x80,Збільшений,"Проста форма, гравіювання напису",31000
Пам'ятник європейський,Межиріченський,granite,red,1000x600x80,Збільшений,"Базова, портрет і напис",37500
Пам'ятник європейський,Межиріченський,granite,red,1000x600x80,Збільшений,"Стандартна, портрет і орнамент",44000
Пам'ятник європейський,Межиріченський,granite,red,1000x600x80,Збільшений,"Складна, різьблення й декор",53000
Пам'ятник європейський,Межиріченський,granite,red,1000x600x80,Збільшений,"Елітна, скульптура й позолота",66500
Пам'ятник європейський,Межиріченський,granite,red,1200x600x80,Преміум,"Проста форма, гравіювання напису",33500
Пам'ятник європейський,Межиріченський,granite,red,1200x600x80,Преміум,"Базова, портрет і напис",40500
Пам'ятник європейський,Межиріченський,granite,red,1200x600x80,Преміум,"Стандартна, портрет і орнамент",48000
Пам'ятник європейський,Межиріченський,granite,red,1200x600x80,Преміум,"Складна, різьблення й декор",57500
Пам'ятник європейський,Межиріченський,granite,red,1200x600x80,Преміум,"Елітна, скульптура й позолота",71500
Пам'ятник європейський,Лабрадорит (Горбулівський),labradorite,black,800x450x80,Економ,"Проста форма, гравіювання напису",26000
Пам'ятник європейський,Лабрадорит (Горбулівський),labradorite,black,800x450x80,Економ,"Базова, портрет і напис",31500
Пам'ятник європейський,Лабрадорит (Горбулівський),labradorite,black,800x450x80,Економ,"Стандартна, портрет і орнамент",37500
Пам'ятник європейський,Лабрадорит (Горбулівський),labradorite,black,800x450x80,Економ,"Складна, різьблення й декор",45000
Пам'ятник європейський,Лабрадорит (Горбулівський),labradorite,black,800x450x80,Економ,"Елітна, скульптура й позолота",56000
Пам'ятник європейський,Лабрадорит (Горбулівський),labradorite,black,1000x500x80,Стандарт,"Проста форма, гравіювання напису",29000
Пам'ятник європейський,Лабрадорит (Горбулівський),labradorite,black,1000x500x80,Стандарт,"Базова, портрет і напис",35000
Пам'ятник європейський,Лабрадорит (Горбулівський),labradorite,black,1000x500x80,Стандарт,"Стандартна, портрет і орнамент",41500
Пам'ятник європейський,Лабрадорит (Горбулівський),labradorite,black,1000x500x80,Стандарт,"Складна, різьблення й декор",49500
Пам'ятник європейський,Лабрадорит (Горбулівський),labradorite,black,1000x500x80,Стандарт,"Елітна, скульптура й позолота",62000
Пам'ятник європейський,Лабрадорит (Горбулівський),labradorite,black,1000x600x80,Збільшений,"Проста форма, гравіювання напису",31000
Пам'ятник європейський,Лабрадорит (Горбулівський),labradorite,black,1000x600x80,Збільшений,"Базова, портрет і напис",38000
Пам'ятник європейський,Лабрадорит (Горбулівський),labradorite,black,1000x600x80,Збільшений,"Стандартна, портрет і орнамент",44500
Пам'ятник європейський,Лабрадорит (Горбулівський),labradorite,black,1000x600x80,Збільшений,"Складна, різьблення й декор",53500
Пам'ятник європейський,Лабрадорит (Горбулівський),labradorite,black,1000x600x80,Збільшений,"Елітна, скульптура й позолота",66500
Пам'ятник європейський,Лабрадорит (Горбулівський),labradorite,black,1200x600x80,Преміум,"Проста форма, гравіювання напису",33500
Пам'ятник європейський,Лабрадорит (Горбулівський),labradorite,black,1200x600x80,Преміум,"Базова, портрет і напис",41000
Пам'ятник європейський,Лабрадорит (Горбулівський),labradorite,black,1200x600x80,Преміум,"Стандартна, портрет і орнамент",48000
Пам'ятник європейський,Лабрадорит (Горбулівський),labradorite,black,1200x600x80,Преміум,"Складна, різьблення й декор",57500
Пам'ятник європейський,Лабрадорит (Горбулівський),labradorite,black,1200x600x80,Преміум,"Елітна, скульптура й позолота",72000
Пам'ятник європейський,Габро (Букинське),gabbro,black,800x450x80,Економ,"Проста форма, гравіювання напису",26000
Пам'ятник європейський,Габро (Букинське),gabbro,black,800x450x80,Економ,"Базова, портрет і напис",32000
Пам'ятник європейський,Габро (Букинське),gabbro,black,800x450x80,Економ,"Стандартна, портрет і орнамент",37500
Пам'ятник європейський,Габро (Букинське),gabbro,black,800x450x80,Економ,"Складна, різьблення й декор",45000
Пам'ятник європейський,Габро (Букинське),gabbro,black,800x450x80,Економ,"Елітна, скульптура й позолота",56000
Пам'ятник європейський,Габро (Букинське),gabbro,black,1000x500x80,Стандарт,"Проста форма, гравіювання напису",29000
Пам'ятник європейський,Габро (Букинське),gabbro,black,1000x500x80,Стандарт,"Базова, портрет і напис",35500
Пам'ятник європейський,Габро (Букинське),gabbro,black,1000x500x80,Стандарт,"Стандартна, портрет і орнамент",41500
Пам'ятник європейський,Габро (Букинське),gabbro,black,1000x500x80,Стандарт,"Складна, різьблення й декор",50000
Пам'ятник європейський,Габро (Букинське),gabbro,black,1000x500x80,Стандарт,"Елітна, скульптура й позолота",62500
Пам'ятник європейський,Габро (Букинське),gabbro,black,1000x600x80,Збільшений,"Проста форма, гравіювання напису",31000
Пам'ятник європейський,Габро (Букинське),gabbro,black,1000x600x80,Збільшений,"Базова, портрет і напис",38000
Пам'ятник європейський,Габро (Букинське),gabbro,black,1000x600x80,Збільшений,"Стандартна, портрет і орнамент",44500
Пам'ятник європейський,Габро (Букинське),gabbro,black,1000x600x80,Збільшений,"Складна, різьблення й декор",53500
Пам'ятник європейський,Габро (Букинське),gabbro,black,1000x600x80,Збільшений,"Елітна, скульптура й позолота",67000
Пам'ятник європейський,Габро (Букинське),gabbro,black,1200x600x80,Преміум,"Проста форма, гравіювання напису",33500
Пам'ятник європейський,Габро (Букинське),gabbro,black,1200x600x80,Преміум,"Базова, портрет і напис",41000
Пам'ятник європейський,Габро (Букинське),gabbro,black,1200x600x80,Преміум,"Стандартна, портрет і орнамент",48000
Пам'ятник європейський,Габро (Букинське),gabbro,black,1200x600x80,Преміум,"Складна, різьблення й декор",58000
Пам'ятник європейський,Габро (Букинське),gabbro,black,1200x600x80,Преміум,"Елітна, скульптура й позолота",72500
Пам'ятник європейський,Дідковицький,granite,green,800x450x80,Економ,"Проста форма, гравіювання напису",26500
Пам'ятник європейський,Дідковицький,granite,green,800x450x80,Економ,"Базова, портрет і напис",32000
Пам'ятник європейський,Дідковицький,granite,green,800x450x80,Економ,"Стандартна, портрет і орнамент",38000
Пам'ятник європейський,Дідковицький,granite,green,800x450x80,Економ,"Складна, різьблення й декор",45500
Пам'ятник європейський,Дідковицький,granite,green,800x450x80,Економ,"Елітна, скульптура й позолота",56500
Пам'ятник європейський,Дідковицький,granite,green,1000x500x80,Стандарт,"Проста форма, гравіювання напису",29500
Пам'ятник європейський,Дідковицький,granite,green,1000x500x80,Стандарт,"Базова, портрет і напис",36000
Пам'ятник європейський,Дідковицький,granite,green,1000x500x80,Стандарт,"Стандартна, портрет і орнамент",42000
Пам'ятник європейський,Дідковицький,granite,green,1000x500x80,Стандарт,"Складна, різьблення й декор",50500
Пам'ятник європейський,Дідковицький,granite,green,1000x500x80,Стандарт,"Елітна, скульптура й позолота",63500
Пам'ятник європейський,Дідковицький,granite,green,1000x600x80,Збільшений,"Проста форма, гравіювання напису",31500
Пам'ятник європейський,Дідковицький,granite,green,1000x600x80,Збільшений,"Базова, портрет і напис",38500
Пам'ятник європейський,Дідковицький,granite,green,1000x600x80,Збільшений,"Стандартна, портрет і орнамент",45500
Пам'ятник європейський,Дідковицький,granite,green,1000x600x80,Збільшений,"Складна, різьблення й декор",54500
Пам'ятник європейський,Дідковицький,granite,green,1000x600x80,Збільшений,"Елітна, скульптура й позолота",68000
Пам'ятник європейський,Дідковицький,granite,green,1200x600x80,Преміум,"Проста форма, гравіювання напису",34500
Пам'ятник європейський,Дідковицький,granite,green,1200x600x80,Преміум,"Базова, портрет і напис",41500
Пам'ятник європейський,Дідковицький,granite,green,1200x600x80,Преміум,"Стандартна, портрет і орнамент",49000
Пам'ятник європейський,Дідковицький,granite,green,1200x600x80,Преміум,"Складна, різьблення й декор",59000
Пам'ятник європейський,Дідковицький,granite,green,1200x600x80,Преміум,"Елітна, скульптура й позолота",73500
Пам'ятник європейський,Токівський,granite,brown,800x450x80,Економ,"Проста форма, гравіювання напису",27000
Пам'ятник європейський,Токівський,granite,brown,800x450x80,Економ,"Базова, портрет і напис",33000
Пам'ятник європейський,Токівський,granite,brown,800x450x80,Економ,"Стандартна, портрет і орнамент",38500
Пам'ятник європейський,Токівський,granite,brown,800x450x80,Економ,"Складна, різьблення й декор",46500
Пам'ятник європейський,Токівський,granite,brown,800x450x80,Економ,"Елітна, скульптура й позолота",58000
Пам'ятник європейський,Токівський,granite,brown,1000x500x80,Стандарт,"Проста форма, гравіювання напису",30000
Пам'ятник європейський,Токівський,granite,brown,1000x500x80,Стандарт,"Базова, портрет і напис",36500
Пам'ятник європейський,Токівський,granite,brown,1000x500x80,Стандарт,"Стандартна, портрет і орнамент",43000
Пам'ятник європейський,Токівський,granite,brown,1000x500x80,Стандарт,"Складна, різьблення й декор",52000
Пам'ятник європейський,Токівський,granite,brown,1000x500x80,Стандарт,"Елітна, скульптура й позолота",65000
Пам'ятник європейський,Токівський,granite,brown,1000x600x80,Збільшений,"Проста форма, гравіювання напису",32500
Пам'ятник європейський,Токівський,granite,brown,1000x600x80,Збільшений,"Базова, портрет і напис",39500
Пам'ятник європейський,Токівський,granite,brown,1000x600x80,Збільшений,"Стандартна, портрет і орнамент",46500
Пам'ятник європейський,Токівський,granite,brown,1000x600x80,Збільшений,"Складна, різьблення й декор",56000
Пам'ятник європейський,Токівський,granite,brown,1000x600x80,Збільшений,"Елітна, скульптура й позолота",69500
Пам'ятник європейський,Токівський,granite,brown,1200x600x80,Преміум,"Проста форма, гравіювання напису",35500
Пам'ятник європейський,Токівський,granite,brown,1200x600x80,Преміум,"Базова, портрет і напис",43000
Пам'ятник європейський,Токівський,granite,brown,1200x600x80,Преміум,"Стандартна, портрет і орнамент",50500
Пам'ятник європейський,Токівський,granite,brown,1200x600x80,Преміум,"Складна, різьблення й декор",60500
Пам'ятник європейський,Токівський,granite,brown,1200x600x80,Преміум,"Елітна, скульптура й позолота",75500
Пам'ятник європейський,Берестовецький,granite,black,800x450x80,Економ,"Проста форма, гравіювання напису",27000
Пам'ятник європейський,Берестовецький,granite,black,800x450x80,Економ,"Базова, портрет і напис",33000
Пам'ятник європейський,Берестовецький,granite,black,800x450x80,Економ,"Стандартна, портрет і орнамент",39000
Пам'ятник європейський,Берестовецький,granite,black,800x450x80,Економ,"Складна, різьблення й декор",46500
Пам'ятник європейський,Берестовецький,granite,black,800x450x80,Економ,"Елітна, скульптура й позолота",58500
Пам'ятник європейський,Берестовецький,granite,black,1000x500x80,Стандарт,"Проста форма, гравіювання напису",30500
Пам'ятник європейський,Берестовецький,granite,black,1000x500x80,Стандарт,"Базова, портрет і напис",37000
Пам'ятник європейський,Берестовецький,granite,black,1000x500x80,Стандарт,"Стандартна, портрет і орнамент",43500
Пам'ятник європейський,Берестовецький,granite,black,1000x500x80,Стандарт,"Складна, різьблення й декор",52500
Пам'ятник європейський,Берестовецький,granite,black,1000x500x80,Стандарт,"Елітна, скульптура й позолота",65500
Пам'ятник європейський,Берестовецький,granite,black,1000x600x80,Збільшений,"Проста форма, гравіювання напису",33000
Пам'ятник європейський,Берестовецький,granite,black,1000x600x80,Збільшений,"Базова, портрет і напис",40000
Пам'ятник європейський,Берестовецький,granite,black,1000x600x80,Збільшений,"Стандартна, портрет і орнамент",47000
Пам'ятник європейський,Берестовецький,granite,black,1000x600x80,Збільшений,"Складна, різьблення й декор",56500
Пам'ятник європейський,Берестовецький,granite,black,1000x600x80,Збільшений,"Елітна, скульптура й позолота",70500
Пам'ятник європейський,Берестовецький,granite,black,1200x600x80,Преміум,"Проста форма, гравіювання напису",35500
Пам'ятник європейський,Берестовецький,granite,black,1200x600x80,Преміум,"Базова, портрет і напис",43500
Пам'ятник європейський,Берестовецький,granite,black,1200x600x80,Преміум,"Стандартна, портрет і орнамент",51000
Пам'ятник європейський,Берестовецький,granite,black,1200x600x80,Преміум,"Складна, різьблення й декор",61500
Пам'ятник європейський,Берестовецький,granite,black,1200x600x80,Преміум,"Елітна, скульптура й позолота",76500
Пам'ятник європейський,Маславський,granite,green,800x450x80,Економ,"Проста форма, гравіювання напису",28000
Пам'ятник європейський,Маславський,granite,green,800x450x80,Економ,"Базова, портрет і напис",34000
Пам'ятник європейський,Маславський,granite,green,800x450x80,Економ,"Стандартна, портрет і орнамент",40000
Пам'ятник європейський,Маславський,granite,green,800x450x80,Економ,"Складна, різьблення й декор",48000
Пам'ятник європейський,Маславський,granite,green,800x450x80,Економ,"Елітна, скульптура й позолота",60000
Пам'ятник європейський,Маславський,granite,green,1000x500x80,Стандарт,"Проста форма, гравіювання напису",31500
Пам'ятник європейський,Маславський,granite,green,1000x500x80,Стандарт,"Базова, портрет і напис",38500
Пам'ятник європейський,Маславський,granite,green,1000x500x80,Стандарт,"Стандартна, портрет і орнамент",45000
Пам'ятник європейський,Маславський,granite,green,1000x500x80,Стандарт,"Складна, різьблення й декор",54000
Пам'ятник європейський,Маславський,granite,green,1000x500x80,Стандарт,"Елітна, скульптура й позолота",67500
Пам'ятник європейський,Маславський,granite,green,1000x600x80,Збільшений,"Проста форма, гравіювання напису",34000
Пам'ятник європейський,Маславський,granite,green,1000x600x80,Збільшений,"Базова, портрет і напис",41500
Пам'ятник європейський,Маславський,granite,green,1000x600x80,Збільшений,"Стандартна, портрет і орнамент",48500
Пам'ятник європейський,Маславський,granite,green,1000x600x80,Збільшений,"Складна, різьблення й декор",58500
Пам'ятник європейський,Маславський,granite,green,1000x600x80,Збільшений,"Елітна, скульптура й позолота",73000
Пам'ятник європейський,Маславський,granite,green,1200x600x80,Преміум,"Проста форма, гравіювання напису",37000
Пам'ятник європейський,Маславський,granite,green,1200x600x80,Преміум,"Базова, портрет і напис",45000
Пам'ятник європейський,Маславський,granite,green,1200x600x80,Преміум,"Стандартна, портрет і орнамент",53000
Пам'ятник європейський,Маславський,granite,green,1200x600x80,Преміум,"Складна, різьблення й декор",64000
Пам'ятник європейський,Маславський,granite,green,1200x600x80,Преміум,"Елітна, скульптура й позолота",79500
Пам'ятник європейський,Лезниківський,granite,red,800x450x80,Економ,"Проста форма, гравіювання напису",26500
Пам'ятник європейський,Лезниківський,granite,red,800x450x80,Економ,"Базова, портрет і напис",32500
Пам'ятник європейський,Лезниківський,granite,red,800x450x80,Економ,"Стандартна, портрет і орнамент",38000
Пам'ятник європейський,Лезниківський,granite,red,800x450x80,Економ,"Складна, різьблення й декор",45500
Пам'ятник європейський,Лезниківський,granite,red,800x450x80,Економ,"Елітна, скульптура й позолота",57000
Пам'ятник європейський,Лезниківський,granite,red,1000x500x80,Стандарт,"Проста форма, гравіювання напису",29500
Пам'ятник європейський,Лезниківський,granite,red,1000x500x80,Стандарт,"Базова, портрет і напис",36000
Пам'ятник європейський,Лезниківський,granite,red,1000x500x80,Стандарт,"Стандартна, портрет і орнамент",42500
Пам'ятник європейський,Лезниківський,granite,red,1000x500x80,Стандарт,"Складна, різьблення й декор",51000
Пам'ятник європейський,Лезниківський,granite,red,1000x500x80,Стандарт,"Елітна, скульптура й позолота",63500
Пам'ятник європейський,Лезниківський,granite,red,1000x600x80,Збільшений,"Проста форма, гравіювання напису",32000
Пам'ятник європейський,Лезниківський,granite,red,1000x600x80,Збільшений,"Базова, портрет і напис",39000
Пам'ятник європейський,Лезниківський,granite,red,1000x600x80,Збільшений,"Стандартна, портрет і орнамент",45500
Пам'ятник європейський,Лезниківський,granite,red,1000x600x80,Збільшений,"Складна, різьблення й декор",54500
Пам'ятник європейський,Лезниківський,granite,red,1000x600x80,Збільшений,"Елітна, скульптура й позолота",68500
Пам'ятник європейський,Лезниківський,granite,red,1200x600x80,Преміум,"Проста форма, гравіювання напису",34500
Пам'ятник європейський,Лезниківський,granite,red,1200x600x80,Преміум,"Базова, портрет і напис",42000
Пам'ятник європейський,Лезниківський,granite,red,1200x600x80,Преміум,"Стандартна, портрет і орнамент",49500
Пам'ятник європейський,Лезниківський,granite,red,1200x600x80,Преміум,"Складна, різьблення й декор",59500
Пам'ятник європейський,Лезниківський,granite,red,1200x600x80,Преміум,"Елітна, скульптура й позолота",74000
Пам'ятник європейський,Мармур білий,marble,white,800x450x80,Економ,"Проста форма, гравіювання напису",28500
Пам'ятник європейський,Мармур білий,marble,white,800x450x80,Економ,"Базова, портрет і напис",34500
Пам'ятник європейський,Мармур білий,marble,white,800x450x80,Економ,"Стандартна, портрет і орнамент",40500
Пам'ятник європейський,Мармур білий,marble,white,800x450x80,Економ,"Складна, різьблення й декор",48500
Пам'ятник європейський,Мармур білий,marble,white,800x450x80,Економ,"Елітна, скульптура й позолота",61000
Пам'ятник європейський,Мармур білий,marble,white,1000x500x80,Стандарт,"Проста форма, гравіювання напису",32000
Пам'ятник європейський,Мармур білий,marble,white,1000x500x80,Стандарт,"Базова, портрет і напис",39000
Пам'ятник європейський,Мармур білий,marble,white,1000x500x80,Стандарт,"Стандартна, портрет і орнамент",46000
Пам'ятник європейський,Мармур білий,marble,white,1000x500x80,Стандарт,"Складна, різьблення й декор",55500
Пам'ятник європейський,Мармур білий,marble,white,1000x500x80,Стандарт,"Елітна, скульптура й позолота",69000
Пам'ятник європейський,Мармур білий,marble,white,1000x600x80,Збільшений,"Проста форма, гравіювання напису",35000
Пам'ятник європейський,Мармур білий,marble,white,1000x600x80,Збільшений,"Базова, портрет і напис",42500
Пам'ятник європейський,Мармур білий,marble,white,1000x600x80,Збільшений,"Стандартна, портрет і орнамент",50000
Пам'ятник європейський,Мармур білий,marble,white,1000x600x80,Збільшений,"Складна, різьблення й декор",60000
Пам'ятник європейський,Мармур білий,marble,white,1000x600x80,Збільшений,"Елітна, скульптура й позолота",75000
Пам'ятник європейський,Мармур білий,marble,white,1200x600x80,Преміум,"Проста форма, гравіювання напису",38000
Пам'ятник європейський,Мармур білий,marble,white,1200x600x80,Преміум,"Базова, портрет і напис",46500
Пам'ятник європейський,Мармур білий,marble,white,1200x600x80,Преміум,"Стандартна, портрет і орнамент",54500
Пам'ятник європейський,Мармур білий,marble,white,1200x600x80,Преміум,"Складна, різьблення й декор",65500
Пам'ятник європейський,Мармур білий,marble,white,1200x600x80,Преміум,"Елітна, скульптура й позолота",82000
Дитячий пам'ятник,Покостівський,granite,grey,800x450x80,Економ,"Проста форма, гравіювання напису",20000
Дитячий пам'ятник,Покостівський,granite,grey,800x450x80,Економ,"Базова, портрет і напис",24500
Дитячий пам'ятник,Покостівський,granite,grey,800x450x80,Економ,"Стандартна, портрет і орнамент",28500
Дитячий пам'ятник,Покостівський,granite,grey,800x450x80,Економ,"Складна, різьблення й декор",34500
Дитячий пам'ятник,Покостівський,granite,grey,800x450x80,Економ,"Елітна, скульптура й позолота",43000
Дитячий пам'ятник,Покостівський,granite,grey,1000x500x80,Стандарт,"Проста форма, гравіювання напису",22000
Дитячий пам'ятник,Покостівський,granite,grey,1000x500x80,Стандарт,"Базова, портрет і напис",26500
Дитячий пам'ятник,Покостівський,granite,grey,1000x500x80,Стандарт,"Стандартна, портрет і орнамент",31000
Дитячий пам'ятник,Покостівський,granite,grey,1000x500x80,Стандарт,"Складна, різьблення й декор",37500
Дитячий пам'ятник,Покостівський,granite,grey,1000x500x80,Стандарт,"Елітна, скульптура й позолота",46500
Дитячий пам'ятник,Покостівський,granite,grey,1000x600x80,Збільшений,"Проста форма, гравіювання напису",23000
Дитячий пам'ятник,Покостівський,granite,grey,1000x600x80,Збільшений,"Базова, портрет і напис",28000
Дитячий пам'ятник,Покостівський,granite,grey,1000x600x80,Збільшений,"Стандартна, портрет і орнамент",33000
Дитячий пам'ятник,Покостівський,granite,grey,1000x600x80,Збільшений,"Складна, різьблення й декор",39500
Дитячий пам'ятник,Покостівський,granite,grey,1000x600x80,Збільшений,"Елітна, скульптура й позолота",49500
Дитячий пам'ятник,Покостівський,granite,grey,1200x600x80,Преміум,"Проста форма, гравіювання напису",24500
Дитячий пам'ятник,Покостівський,granite,grey,1200x600x80,Преміум,"Базова, портрет і напис",29500
Дитячий пам'ятник,Покостівський,granite,grey,1200x600x80,Преміум,"Стандартна, портрет і орнамент",35000
Дитячий пам'ятник,Покостівський,granite,grey,1200x600x80,Преміум,"Складна, різьблення й декор",42000
Дитячий пам'ятник,Покостівський,granite,grey,1200x600x80,Преміум,"Елітна, скульптура й позолота",52500
Дитячий пам'ятник,Габро (Головинське),gabbro,black,800x450x80,Економ,"Проста форма, гравіювання напису",20500
Дитячий пам'ятник,Габро (Головинське),gabbro,black,800x450x80,Економ,"Базова, портрет і напис",25000
Дитячий пам'ятник,Габро (Головинське),gabbro,black,800x450x80,Економ,"Стандартна, портрет і орнамент",29500
Дитячий пам'ятник,Габро (Головинське),gabbro,black,800x450x80,Економ,"Складна, різьблення й декор",35500
Дитячий пам'ятник,Габро (Головинське),gabbro,black,800x450x80,Економ,"Елітна, скульптура й позолота",44000
Дитячий пам'ятник,Габро (Головинське),gabbro,black,1000x500x80,Стандарт,"Проста форма, гравіювання напису",22500
Дитячий пам'ятник,Габро (Головинське),gabbro,black,1000x500x80,Стандарт,"Базова, портрет і напис",27500
Дитячий пам'ятник,Габро (Головинське),gabbro,black,1000x500x80,Стандарт,"Стандартна, портрет і орнамент",32000
Дитячий пам'ятник,Габро (Головинське),gabbro,black,1000x500x80,Стандарт,"Складна, різьблення й декор",38500
Дитячий пам'ятник,Габро (Головинське),gabbro,black,1000x500x80,Стандарт,"Елітна, скульптура й позолота",48000
Дитячий пам'ятник,Габро (Головинське),gabbro,black,1000x600x80,Збільшений,"Проста форма, гравіювання напису",24000
Дитячий пам'ятник,Габро (Головинське),gabbro,black,1000x600x80,Збільшений,"Базова, портрет і напис",29000
Дитячий пам'ятник,Габро (Головинське),gabbro,black,1000x600x80,Збільшений,"Стандартна, портрет і орнамент",34000
Дитячий пам'ятник,Габро (Головинське),gabbro,black,1000x600x80,Збільшений,"Складна, різьблення й декор",41000
Дитячий пам'ятник,Габро (Головинське),gabbro,black,1000x600x80,Збільшений,"Елітна, скульптура й позолота",51000
Дитячий пам'ятник,Габро (Головинське),gabbro,black,1200x600x80,Преміум,"Проста форма, гравіювання напису",25500
Дитячий пам'ятник,Габро (Головинське),gabbro,black,1200x600x80,Преміум,"Базова, портрет і напис",31000
Дитячий пам'ятник,Габро (Головинське),gabbro,black,1200x600x80,Преміум,"Стандартна, портрет і орнамент",36500
Дитячий пам'ятник,Габро (Головинське),gabbro,black,1200x600x80,Преміум,"Складна, різьблення й декор",43500
Дитячий пам'ятник,Габро (Головинське),gabbro,black,1200x600x80,Преміум,"Елітна, скульптура й позолота",54500
Дитячий пам'ятник,Лабрадорит (Добринський),labradorite,black,800x450x80,Економ,"Проста форма, гравіювання напису",21500
Дитячий пам'ятник,Лабрадорит (Добринський),labradorite,black,800x450x80,Економ,"Базова, портрет і напис",26000
Дитячий пам'ятник,Лабрадорит (Добринський),labradorite,black,800x450x80,Економ,"Стандартна, портрет і орнамент",30500
Дитячий пам'ятник,Лабрадорит (Добринський),labradorite,black,800x450x80,Економ,"Складна, різьблення й декор",36500
Дитячий пам'ятник,Лабрадорит (Добринський),labradorite,black,800x450x80,Економ,"Елітна, скульптура й позолота",45500
Дитячий пам'ятник,Лабрадорит (Добринський),labradorite,black,1000x500x80,Стандарт,"Проста форма, гравіювання напису",23500
Дитячий пам'ятник,Лабрадорит (Добринський),labradorite,black,1000x500x80,Стандарт,"Базова, портрет і напис",28500
Дитячий пам'ятник,Лабрадорит (Добринський),labradorite,black,1000x500x80,Стандарт,"Стандартна, портрет і орнамент",33500
Дитячий пам'ятник,Лабрадорит (Добринський),labradorite,black,1000x500x80,Стандарт,"Складна, різьблення й декор",40000
Дитячий пам'ятник,Лабрадорит (Добринський),labradorite,black,1000x500x80,Стандарт,"Елітна, скульптура й позолота",50500
Дитячий пам'ятник,Лабрадорит (Добринський),labradorite,black,1000x600x80,Збільшений,"Проста форма, гравіювання напису",25000
Дитячий пам'ятник,Лабрадорит (Добринський),labradorite,black,1000x600x80,Збільшений,"Базова, портрет і напис",30500
Дитячий пам'ятник,Лабрадорит (Добринський),labradorite,black,1000x600x80,Збільшений,"Стандартна, портрет і орнамент",36000
Дитячий пам'ятник,Лабрадорит (Добринський),labradorite,black,1000x600x80,Збільшений,"Складна, різьблення й декор",43000
Дитячий пам'ятник,Лабрадорит (Добринський),labradorite,black,1000x600x80,Збільшений,"Елітна, скульптура й позолота",53500
Дитячий пам'ятник,Лабрадорит (Добринський),labradorite,black,1200x600x80,Преміум,"Проста форма, гравіювання напису",27000
Дитячий пам'ятник,Лабрадорит (Добринський),labradorite,black,1200x600x80,Преміум,"Базова, портрет і напис",32500
Дитячий пам'ятник,Лабрадорит (Добринський),labradorite,black,1200x600x80,Преміум,"Стандартна, портрет і орнамент",38500
Дитячий пам'ятник,Лабрадорит (Добринський),labradorite,black,1200x600x80,Преміум,"Складна, різьблення й декор",46000
Дитячий пам'ятник,Лабрадорит (Добринський),labradorite,black,1200x600x80,Преміум,"Елітна, скульптура й позолота",57500
Дитячий пам'ятник,Корнинський,granite,grey,800x450x80,Економ,"Проста форма, гравіювання напису",21500
Дитячий пам'ятник,Корнинський,granite,grey,800x450x80,Економ,"Базова, портрет і напис",26000
Дитячий пам'ятник,Корнинський,granite,grey,800x450x80,Економ,"Стандартна, портрет і орнамент",30500
Дитячий пам'ятник,Корнинський,granite,grey,800x450x80,Економ,"Складна, різьблення й декор",36500
Дитячий пам'ятник,Корнинський,granite,grey,800x450x80,Економ,"Елітна, скульптура й позолота",46000
Дитячий пам'ятник,Корнинський,granite,grey,1000x500x80,Стандарт,"Проста форма, гравіювання напису",23500
Дитячий пам'ятник,Корнинський,granite,grey,1000x500x80,Стандарт,"Базова, портрет і напис",28500
Дитячий пам'ятник,Корнинський,granite,grey,1000x500x80,Стандарт,"Стандартна, портрет і орнамент",34000
Дитячий пам'ятник,Корнинський,granite,grey,1000x500x80,Стандарт,"Складна, різьблення й декор",40500
Дитячий пам'ятник,Корнинський,granite,grey,1000x500x80,Стандарт,"Елітна, скульптура й позолота",50500
Дитячий пам'ятник,Корнинський,granite,grey,1000x600x80,Збільшений,"Проста форма, гравіювання напису",25000
Дитячий пам'ятник,Корнинський,granite,grey,1000x600x80,Збільшений,"Базова, портрет і напис",30500
Дитячий пам'ятник,Корнинський,granite,grey,1000x600x80,Збільшений,"Стандартна, портрет і орнамент",36000
Дитячий пам'ятник,Корнинський,granite,grey,1000x600x80,Збільшений,"Складна, різьблення й декор",43500
Дитячий пам'ятник,Корнинський,granite,grey,1000x600x80,Збільшений,"Елітна, скульптура й позолота",54000
Дитячий пам'ятник,Корнинський,granite,grey,1200x600x80,Преміум,"Проста форма, гравіювання напису",27000
Дитячий пам'ятник,Корнинський,granite,grey,1200x600x80,Преміум,"Базова, портрет і напис",33000
Дитячий пам'ятник,Корнинський,granite,grey,1200x600x80,Преміум,"Стандартна, портрет і орнамент",39000
Дитячий пам'ятник,Корнинський,granite,grey,1200x600x80,Преміум,"Складна, різьблення й декор",46500
Дитячий пам'ятник,Корнинський,granite,grey,1200x600x80,Преміум,"Елітна, скульптура й позолота",58000
Дитячий пам'ятник,Капустинський,granite,red,800x450x80,Економ,"Проста форма, гравіювання напису",21500
Дитячий пам'ятник,Капустинський,granite,red,800x450x80,Економ,"Базова, портрет і напис",26500
Дитячий пам'ятник,Капустинський,granite,red,800x450x80,Економ,"Стандартна, портрет і орнамент",31000
Дитячий пам'ятник,Капустинський,granite,red,800x450x80,Економ,"Складна, різьблення й декор",37000
Дитячий пам'ятник,Капустинський,granite,red,800x450x80,Економ,"Елітна, скульптура й позолота",46500
Дитячий пам'ятник,Капустинський,granite,red,1000x500x80,Стандарт,"Проста форма, гравіювання напису",24000
Дитячий пам'ятник,Капустинський,granite,red,1000x500x80,Стандарт,"Базова, портрет і напис",29000
Дитячий пам'ятник,Капустинський,granite,red,1000x500x80,Стандарт,"Стандартна, портрет і орнамент",34500
Дитячий пам'ятник,Капустинський,granite,red,1000x500x80,Стандарт,"Складна, різьблення й декор",41000
Дитячий пам'ятник,Капустинський,granite,red,1000x500x80,Стандарт,"Елітна, скульптура й позолота",51500
Дитячий пам'ятник,Капустинський,granite,red,1000x600x80,Збільшений,"Проста форма, гравіювання напису",25500
Дитячий пам'ятник,Капустинський,granite,red,1000x600x80,Збільшений,"Базова, портрет і напис",31000
Дитячий пам'ятник,Капустинський,granite,red,1000x600x80,Збільшений,"Стандартна, портрет і орнамент",36500
Дитячий пам'ятник,Капустинський,granite,red,1000x600x80,Збільшений,"Складна, різьблення й декор",44000
Дитячий пам'ятник,Капустинський,granite,red,1000x600x80,Збільшений,"Елітна, скульптура й позолота",55000
Дитячий пам'ятник,Капустинський,granite,red,1200x600x80,Преміум,"Проста форма, гравіювання напису",27500
Дитячий пам'ятник,Капустинський,granite,red,1200x600x80,Преміум,"Базова, портрет і напис",33500
Дитячий пам'ятник,Капустинський,granite,red,1200x600x80,Преміум,"Стандартна, портрет і орнамент",39500
Дитячий пам'ятник,Капустинський,granite,red,1200x600x80,Преміум,"Складна, різьблення й декор",47500
Дитячий пам'ятник,Капустинський,granite,red,1200x600x80,Преміум,"Елітна, скульптура й позолота",59000
Дитячий пам'ятник,Танський,granite,grey,800x450x80,Економ,"Проста форма, гравіювання напису",21500
Дитячий пам'ятник,Танський,granite,grey,800x450x80,Економ,"Базова, портрет і напис",26500
Дитячий пам'ятник,Танський,granite,grey,800x450x80,Економ,"Стандартна, портрет і орнамент",31000
Дитячий пам'ятник,Танський,granite,grey,800x450x80,Економ,"Складна, різьблення й декор",37000
Дитячий пам'ятник,Танський,granite,grey,800x450x80,Економ,"Елітна, скульптура й позолота",46500
Дитячий пам'ятник,Танський,granite,grey,1000x500x80,Стандарт,"Проста форма, гравіювання напису",24000
Дитячий пам'ятник,Танський,granite,grey,1000x500x80,Стандарт,"Базова, портрет і напис",29000
Дитячий пам'ятник,Танський,granite,grey,1000x500x80,Стандарт,"Стандартна, портрет і орнамент",34500
Дитячий пам'ятник,Танський,granite,grey,1000x500x80,Стандарт,"Складна, різьблення й декор",41500
Дитячий пам'ятник,Танський,granite,grey,1000x500x80,Стандарт,"Елітна, скульптура й позолота",51500
Дитячий пам'ятник,Танський,granite,grey,1000x600x80,Збільшений,"Проста форма, гравіювання напису",25500
Дитячий пам'ятник,Танський,granite,grey,1000x600x80,Збільшений,"Базова, портрет і напис",31500
Дитячий пам'ятник,Танський,granite,grey,1000x600x80,Збільшений,"Стандартна, портрет і орнамент",37000
Дитячий пам'ятник,Танський,granite,grey,1000x600x80,Збільшений,"Складна, різьблення й декор",44000
Дитячий пам'ятник,Танський,granite,grey,1000x600x80,Збільшений,"Елітна, скульптура й позолота",55000
Дитячий пам'ятник,Танський,granite,grey,1200x600x80,Преміум,"Проста форма, гравіювання напису",27500
Дитячий пам'ятник,Танський,granite,grey,1200x600x80,Преміум,"Базова, портрет і напис",33500
Дитячий пам'ятник,Танський,granite,grey,1200x600x80,Преміум,"Стандартна, портрет і орнамент",39500
Дитячий пам'ятник,Танський,granite,grey,1200x600x80,Преміум,"Складна, різьблення й декор",47500
Дитячий пам'ятник,Танський,granite,grey,1200x600x80,Преміум,"Елітна, скульптура й позолота",59500
Дитячий пам'ятник,Софіївський,granite,grey,800x450x80,Економ,"Проста форма, гравіювання напису",22000
Дитячий пам'ятник,Софіївський,granite,grey,800x450x80,Економ,"Базова, портрет і напис",26500
Дитячий пам'ятник,Софіївський,granite,grey,800x450x80,Економ,"Стандартна, портрет і орнамент",31000
Дитячий пам'ятник,Софіївський,granite,grey,800x450x80,Економ,"Складна, різьблення й декор",37500
Дитячий пам'ятник,Софіївський,granite,grey,800x450x80,Економ,"Елітна, скульптура й позолота",46500
Дитячий пам'ятник,Софіївський,granite,grey,1000x500x80,Стандарт,"Проста форма, гравіювання напису",24000
Дитячий пам'ятник,Софіївський,granite,grey,1000x500x80,Стандарт,"Базова, портрет і напис",29500
Дитячий пам'ятник,Софіївський,granite,grey,1000x500x80,Стандарт,"Стандартна, портрет і орнамент",34500
Дитячий пам'ятник,Софіївський,granite,grey,1000x500x80,Стандарт,"Складна, різьблення й декор",41500
Дитячий пам'ятник,Софіївський,granite,grey,1000x500x80,Стандарт,"Елітна, скульптура й позолота",52000
Дитячий пам'ятник,Софіївський,granite,grey,1000x600x80,Збільшений,"Проста форма, гравіювання напису",26000
Дитячий пам'ятник,Софіївський,granite,grey,1000x600x80,Збільшений,"Базова, портрет і напис",31500
Дитячий пам'ятник,Софіївський,granite,grey,1000x600x80,Збільшений,"Стандартна, портрет і орнамент",37000
Дитячий пам'ятник,Софіївський,granite,grey,1000x600x80,Збільшений,"Складна, різьблення й декор",44500
Дитячий пам'ятник,Софіївський,granite,grey,1000x600x80,Збільшений,"Елітна, скульптура й позолота",55500
Дитячий пам'ятник,Софіївський,granite,grey,1200x600x80,Преміум,"Проста форма, гравіювання напису",28000
Дитячий пам'ятник,Софіївський,granite,grey,1200x600x80,Преміум,"Базова, портрет і напис",34000
Дитячий пам'ятник,Софіївський,granite,grey,1200x600x80,Преміум,"Стандартна, портрет і орнамент",40000
Дитячий пам'ятник,Софіївський,granite,grey,1200x600x80,Преміум,"Складна, різьблення й декор",48000
Дитячий пам'ятник,Софіївський,granite,grey,1200x600x80,Преміум,"Елітна, скульптура й позолота",59500
Дитячий пам'ятник,Межиріченський,granite,red,800x450x80,Економ,"Проста форма, гравіювання напису",22000
Дитячий пам'ятник,Межиріченський,granite,red,800x450x80,Економ,"Базова, портрет і напис",26500
Дитячий пам'ятник,Межиріченський,granite,red,800x450x80,Економ,"Стандартна, портрет і орнамент",31500
Дитячий пам'ятник,Межиріченський,granite,red,800x450x80,Економ,"Складна, різьблення й декор",37500
Дитячий пам'ятник,Межиріченський,granite,red,800x450x80,Економ,"Елітна, скульптура й позолота",47000
Дитячий пам'ятник,Межиріченський,granite,red,1000x500x80,Стандарт,"Проста форма, гравіювання напису",24500
Дитячий пам'ятник,Межиріченський,granite,red,1000x500x80,Стандарт,"Базова, портрет і напис",29500
Дитячий пам'ятник,Межиріченський,granite,red,1000x500x80,Стандарт,"Стандартна, портрет і орнамент",34500
Дитячий пам'ятник,Межиріченський,granite,red,1000x500x80,Стандарт,"Складна, різьблення й декор",41500
Дитячий пам'ятник,Межиріченський,granite,red,1000x500x80,Стандарт,"Елітна, скульптура й позолота",52000
Дитячий пам'ятник,Межиріченський,granite,red,1000x600x80,Збільшений,"Проста форма, гравіювання напису",26000
Дитячий пам'ятник,Межиріченський,granite,red,1000x600x80,Збільшений,"Базова, портрет і напис",31500
Дитячий пам'ятник,Межиріченський,granite,red,1000x600x80,Збільшений,"Стандартна, портрет і орнамент",37000
Дитячий пам'ятник,Межиріченський,granite,red,1000x600x80,Збільшений,"Складна, різьблення й декор",44500
Дитячий пам'ятник,Межиріченський,granite,red,1000x600x80,Збільшений,"Елітна, скульптура й позолота",56000
Дитячий пам'ятник,Межиріченський,granite,red,1200x600x80,Преміум,"Проста форма, гравіювання напису",28000
Дитячий пам'ятник,Межиріченський,granite,red,1200x600x80,Преміум,"Базова, портрет і напис",34000
Дитячий пам'ятник,Межиріченський,granite,red,1200x600x80,Преміум,"Стандартна, портрет і орнамент",40000
Дитячий пам'ятник,Межиріченський,granite,red,1200x600x80,Преміум,"Складна, різьблення й декор",48000
Дитячий пам'ятник,Межиріченський,granite,red,1200x600x80,Преміум,"Елітна, скульптура й позолота",60000
Дитячий пам'ятник,Лабрадорит (Горбулівський),labradorite,black,800x450x80,Економ,"Проста форма, гравіювання напису",22000
Дитячий пам'ятник,Лабрадорит (Горбулівський),labradorite,black,800x450x80,Економ,"Базова, портрет і напис",26500
Дитячий пам'ятник,Лабрадорит (Горбулівський),labradorite,black,800x450x80,Економ,"Стандартна, портрет і орнамент",31500
Дитячий пам'ятник,Лабрадорит (Горбулівський),labradorite,black,800x450x80,Економ,"Складна, різьблення й декор",37500
Дитячий пам'ятник,Лабрадорит (Горбулівський),labradorite,black,800x450x80,Економ,"Елітна, скульптура й позолота",47000
Дитячий пам'ятник,Лабрадорит (Горбулівський),labradorite,black,1000x500x80,Стандарт,"Проста форма, гравіювання напису",24500
Дитячий пам'ятник,Лабрадорит (Горбулівський),labradorite,black,1000x500x80,Стандарт,"Базова, портрет і напис",29500
Дитячий пам'ятник,Лабрадорит (Горбулівський),labradorite,black,1000x500x80,Стандарт,"Стандартна, портрет і орнамент",35000
Дитячий пам'ятник,Лабрадорит (Горбулівський),labradorite,black,1000x500x80,Стандарт,"Складна, різьблення й декор",42000
Дитячий пам'ятник,Лабрадорит (Горбулівський),labradorite,black,1000x500x80,Стандарт,"Елітна, скульптура й позолота",52500
Дитячий пам'ятник,Лабрадорит (Горбулівський),labradorite,black,1000x600x80,Збільшений,"Проста форма, гравіювання напису",26000
Дитячий пам'ятник,Лабрадорит (Горбулівський),labradorite,black,1000x600x80,Збільшений,"Базова, портрет і напис",31500
Дитячий пам'ятник,Лабрадорит (Горбулівський),labradorite,black,1000x600x80,Збільшений,"Стандартна, портрет і орнамент",37500
Дитячий пам'ятник,Лабрадорит (Горбулівський),labradorite,black,1000x600x80,Збільшений,"Складна, різьблення й декор",45000
Дитячий пам'ятник,Лабрадорит (Горбулівський),labradorite,black,1000x600x80,Збільшений,"Елітна, скульптура й позолота",56000
Дитячий пам'ятник,Лабрадорит (Горбулівський),labradorite,black,1200x600x80,Преміум,"Проста форма, гравіювання напису",28000
Дитячий пам'ятник,Лабрадорит (Горбулівський),labradorite,black,1200x600x80,Преміум,"Базова, портрет і напис",34500
Дитячий пам'ятник,Лабрадорит (Горбулівський),labradorite,black,1200x600x80,Преміум,"Стандартна, портрет і орнамент",40500
Дитячий пам'ятник,Лабрадорит (Горбулівський),labradorite,black,1200x600x80,Преміум,"Складна, різьблення й декор",48500
Дитячий пам'ятник,Лабрадорит (Горбулівський),labradorite,black,1200x600x80,Преміум,"Елітна, скульптура й позолота",60500
Дитячий пам'ятник,Габро (Букинське),gabbro,black,800x450x80,Економ,"Проста форма, гравіювання напису",22000
Дитячий пам'ятник,Габро (Букинське),gabbro,black,800x450x80,Економ,"Базова, портрет і напис",26500
Дитячий пам'ятник,Габро (Букинське),gabbro,black,800x450x80,Економ,"Стандартна, портрет і орнамент",31500
Дитячий пам'ятник,Габро (Букинське),gabbro,black,800x450x80,Економ,"Складна, різьблення й декор",38000
Дитячий пам'ятник,Габро (Букинське),gabbro,black,800x450x80,Економ,"Елітна, скульптура й позолота",47000
Дитячий пам'ятник,Габро (Букинське),gabbro,black,1000x500x80,Стандарт,"Проста форма, гравіювання напису",24500
Дитячий пам'ятник,Габро (Букинське),gabbro,black,1000x500x80,Стандарт,"Базова, портрет і напис",29500
Дитячий пам'ятник,Габро (Букинське),gabbro,black,1000x500x80,Стандарт,"Стандартна, портрет і орнамент",35000
Дитячий пам'ятник,Габро (Букинське),gabbro,black,1000x500x80,Стандарт,"Складна, різьблення й декор",42000
Дитячий пам'ятник,Габро (Букинське),gabbro,black,1000x500x80,Стандарт,"Елітна, скульптура й позолота",52500
Дитячий пам'ятник,Габро (Букинське),gabbro,black,1000x600x80,Збільшений,"Проста форма, гравіювання напису",26000
Дитячий пам'ятник,Габро (Букинське),gabbro,black,1000x600x80,Збільшений,"Базова, портрет і напис",32000
Дитячий пам'ятник,Габро (Букинське),gabbro,black,1000x600x80,Збільшений,"Стандартна, портрет і орнамент",37500
Дитячий пам'ятник,Габро (Букинське),gabbro,black,1000x600x80,Збільшений,"Складна, різьблення й декор",45000
Дитячий пам'ятник,Габро (Букинське),gabbro,black,1000x600x80,Збільшений,"Елітна, скульптура й позолота",56000
Дитячий пам'ятник,Габро (Букинське),gabbro,black,1200x600x80,Преміум,"Проста форма, гравіювання напису",28500
Дитячий пам'ятник,Габро (Букинське),gabbro,black,1200x600x80,Преміум,"Базова, портрет і напис",34500
Дитячий пам'ятник,Габро (Букинське),gabbro,black,1200x600x80,Преміум,"Стандартна, портрет і орнамент",40500
Дитячий пам'ятник,Габро (Букинське),gabbro,black,1200x600x80,Преміум,"Складна, різьблення й декор",48500
Дитячий пам'ятник,Габро (Букинське),gabbro,black,1200x600x80,Преміум,"Елітна, скульптура й позолота",61000
Дитячий пам'ятник,Дідковицький,granite,green,800x450x80,Економ,"Проста форма, гравіювання напису",22500
Дитячий пам'ятник,Дідковицький,granite,green,800x450x80,Економ,"Базова, портрет і напис",27000
Дитячий пам'ятник,Дідковицький,granite,green,800x450x80,Економ,"Стандартна, портрет і орнамент",32000
Дитячий пам'ятник,Дідковицький,granite,green,800x450x80,Економ,"Складна, різьблення й декор",38000
Дитячий пам'ятник,Дідковицький,granite,green,800x450x80,Економ,"Елітна, скульптура й позолота",47500
Дитячий пам'ятник,Дідковицький,granite,green,1000x500x80,Стандарт,"Проста форма, гравіювання напису",25000
Дитячий пам'ятник,Дідковицький,granite,green,1000x500x80,Стандарт,"Базова, портрет і напис",30000
Дитячий пам'ятник,Дідковицький,granite,green,1000x500x80,Стандарт,"Стандартна, портрет і орнамент",35500
Дитячий пам'ятник,Дідковицький,granite,green,1000x500x80,Стандарт,"Складна, різьблення й декор",42500
Дитячий пам'ятник,Дідковицький,granite,green,1000x500x80,Стандарт,"Елітна, скульптура й позолота",53000
Дитячий пам'ятник,Дідковицький,granite,green,1000x600x80,Збільшений,"Проста форма, гравіювання напису",26500
Дитячий пам'ятник,Дідковицький,granite,green,1000x600x80,Збільшений,"Базова, портрет і напис",32500
Дитячий пам'ятник,Дідковицький,granite,green,1000x600x80,Збільшений,"Стандартна, портрет і орнамент",38000
Дитячий пам'ятник,Дідковицький,granite,green,1000x600x80,Збільшений,"Складна, різьблення й декор",45500
Дитячий пам'ятник,Дідковицький,granite,green,1000x600x80,Збільшений,"Елітна, скульптура й позолота",57000
Дитячий пам'ятник,Дідковицький,granite,green,1200x600x80,Преміум,"Проста форма, гравіювання напису",29000
Дитячий пам'ятник,Дідковицький,granite,green,1200x600x80,Преміум,"Базова, портрет і напис",35000
Дитячий пам'ятник,Дідковицький,granite,green,1200x600x80,Преміум,"Стандартна, портрет і орнамент",41000
Дитячий пам'ятник,Дідковицький,granite,green,1200x600x80,Преміум,"Складна, різьблення й декор",49500
Дитячий пам'ятник,Дідковицький,granite,green,1200x600x80,Преміум,"Елітна, скульптура й позолота",62000
Дитячий пам'ятник,Токівський,granite,brown,800x450x80,Економ,"Проста форма, гравіювання напису",22500
Дитячий пам'ятник,Токівський,granite,brown,800x450x80,Економ,"Базова, портрет і напис",27500
Дитячий пам'ятник,Токівський,granite,brown,800x450x80,Економ,"Стандартна, портрет і орнамент",32500
Дитячий пам'ятник,Токівський,granite,brown,800x450x80,Економ,"Складна, різьблення й декор",39000
Дитячий пам'ятник,Токівський,granite,brown,800x450x80,Економ,"Елітна, скульптура й позолота",48500
Дитячий пам'ятник,Токівський,granite,brown,1000x500x80,Стандарт,"Проста форма, гравіювання напису",25500
Дитячий пам'ятник,Токівський,granite,brown,1000x500x80,Стандарт,"Базова, портрет і напис",31000
Дитячий пам'ятник,Токівський,granite,brown,1000x500x80,Стандарт,"Стандартна, портрет і орнамент",36500
Дитячий пам'ятник,Токівський,granite,brown,1000x500x80,Стандарт,"Складна, різьблення й декор",43500
Дитячий пам'ятник,Токівський,granite,brown,1000x500x80,Стандарт,"Елітна, скульптура й позолота",54500
Дитячий пам'ятник,Токівський,granite,brown,1000x600x80,Збільшений,"Проста форма, гравіювання напису",27500
Дитячий пам'ятник,Токівський,granite,brown,1000x600x80,Збільшений,"Базова, портрет і напис",33000
Дитячий пам'ятник,Токівський,granite,brown,1000x600x80,Збільшений,"Стандартна, портрет і орнамент",39000
Дитячий пам'ятник,Токівський,granite,brown,1000x600x80,Збільшений,"Складна, різьблення й декор",47000
Дитячий пам'ятник,Токівський,granite,brown,1000x600x80,Збільшений,"Елітна, скульптура й позолота",58500
Дитячий пам'ятник,Токівський,granite,brown,1200x600x80,Преміум,"Проста форма, гравіювання напису",29500
Дитячий пам'ятник,Токівський,granite,brown,1200x600x80,Преміум,"Базова, портрет і напис",36000
Дитячий пам'ятник,Токівський,granite,brown,1200x600x80,Преміум,"Стандартна, портрет і орнамент",42500
Дитячий пам'ятник,Токівський,granite,brown,1200x600x80,Преміум,"Складна, різьблення й декор",51000
Дитячий пам'ятник,Токівський,granite,brown,1200x600x80,Преміум,"Елітна, скульптура й позолота",63500
Дитячий пам'ятник,Берестовецький,granite,black,800x450x80,Економ,"Проста форма, гравіювання напису",23000
Дитячий пам'ятник,Берестовецький,granite,black,800x450x80,Економ,"Базова, портрет і напис",28000
Дитячий пам'ятник,Берестовецький,granite,black,800x450x80,Економ,"Стандартна, портрет і орнамент",32500
Дитячий пам'ятник,Берестовецький,granite,black,800x450x80,Економ,"Складна, різьблення й декор",39000
Дитячий пам'ятник,Берестовецький,granite,black,800x450x80,Економ,"Елітна, скульптура й позолота",49000
Дитячий пам'ятник,Берестовецький,granite,black,1000x500x80,Стандарт,"Проста форма, гравіювання напису",25500
Дитячий пам'ятник,Берестовецький,granite,black,1000x500x80,Стандарт,"Базова, портрет і напис",31000
Дитячий пам'ятник,Берестовецький,granite,black,1000x500x80,Стандарт,"Стандартна, портрет і орнамент",36500
Дитячий пам'ятник,Берестовецький,granite,black,1000x500x80,Стандарт,"Складна, різьблення й декор",44000
Дитячий пам'ятник,Берестовецький,granite,black,1000x500x80,Стандарт,"Елітна, скульптура й позолота",55000
Дитячий пам'ятник,Берестовецький,granite,black,1000x600x80,Збільшений,"Проста форма, гравіювання напису",27500
Дитячий пам'ятник,Берестовецький,granite,black,1000x600x80,Збільшений,"Базова, портрет і напис",33500
Дитячий пам'ятник,Берестовецький,granite,black,1000x600x80,Збільшений,"Стандартна, портрет і орнамент",39500
Дитячий пам'ятник,Берестовецький,granite,black,1000x600x80,Збільшений,"Складна, різьблення й декор",47500
Дитячий пам'ятник,Берестовецький,granite,black,1000x600x80,Збільшений,"Елітна, скульптура й позолота",59500
Дитячий пам'ятник,Берестовецький,granite,black,1200x600x80,Преміум,"Проста форма, гравіювання напису",30000
Дитячий пам'ятник,Берестовецький,granite,black,1200x600x80,Преміум,"Базова, портрет і напис",36500
Дитячий пам'ятник,Берестовецький,granite,black,1200x600x80,Преміум,"Стандартна, портрет і орнамент",43000
Дитячий пам'ятник,Берестовецький,granite,black,1200x600x80,Преміум,"Складна, різьблення й декор",51500
Дитячий пам'ятник,Берестовецький,granite,black,1200x600x80,Преміум,"Елітна, скульптура й позолота",64500
Дитячий пам'ятник,Маславський,granite,green,800x450x80,Економ,"Проста форма, гравіювання напису",23500
Дитячий пам'ятник,Маславський,granite,green,800x450x80,Економ,"Базова, портрет і напис",28500
Дитячий пам'ятник,Маславський,granite,green,800x450x80,Економ,"Стандартна, портрет і орнамент",33500
Дитячий пам'ятник,Маславський,granite,green,800x450x80,Економ,"Складна, різьблення й декор",40500
Дитячий пам'ятник,Маславський,granite,green,800x450x80,Економ,"Елітна, скульптура й позолота",50500
Дитячий пам'ятник,Маславський,granite,green,1000x500x80,Стандарт,"Проста форма, гравіювання напису",26500
Дитячий пам'ятник,Маславський,granite,green,1000x500x80,Стандарт,"Базова, портрет і напис",32000
Дитячий пам'ятник,Маславський,granite,green,1000x500x80,Стандарт,"Стандартна, портрет і орнамент",38000
Дитячий пам'ятник,Маславський,granite,green,1000x500x80,Стандарт,"Складна, різьблення й декор",45500
Дитячий пам'ятник,Маславський,granite,green,1000x500x80,Стандарт,"Елітна, скульптура й позолота",57000
Дитячий пам'ятник,Маславський,granite,green,1000x600x80,Збільшений,"Проста форма, гравіювання напису",28500
Дитячий пам'ятник,Маславський,granite,green,1000x600x80,Збільшений,"Базова, портрет і напис",35000
Дитячий пам'ятник,Маславський,granite,green,1000x600x80,Збільшений,"Стандартна, портрет і орнамент",41000
Дитячий пам'ятник,Маславський,granite,green,1000x600x80,Збільшений,"Складна, різьблення й декор",49000
Дитячий пам'ятник,Маславський,granite,green,1000x600x80,Збільшений,"Елітна, скульптура й позолота",61500
Дитячий пам'ятник,Маславський,granite,green,1200x600x80,Преміум,"Проста форма, гравіювання напису",31500
Дитячий пам'ятник,Маславський,granite,green,1200x600x80,Преміум,"Базова, портрет і напис",38000
Дитячий пам'ятник,Маславський,granite,green,1200x600x80,Преміум,"Стандартна, портрет і орнамент",44500
Дитячий пам'ятник,Маславський,granite,green,1200x600x80,Преміум,"Складна, різьблення й декор",53500
Дитячий пам'ятник,Маславський,granite,green,1200x600x80,Преміум,"Елітна, скульптура й позолота",67000
Дитячий пам'ятник,Лезниківський,granite,red,800x450x80,Економ,"Проста форма, гравіювання напису",22500
Дитячий пам'ятник,Лезниківський,granite,red,800x450x80,Економ,"Базова, портрет і напис",27000
Дитячий пам'ятник,Лезниківський,granite,red,800x450x80,Економ,"Стандартна, портрет і орнамент",32000
Дитячий пам'ятник,Лезниківський,granite,red,800x450x80,Економ,"Складна, різьблення й декор",38500
Дитячий пам'ятник,Лезниківський,granite,red,800x450x80,Економ,"Елітна, скульптура й позолота",48000
Дитячий пам'ятник,Лезниківський,granite,red,1000x500x80,Стандарт,"Проста форма, гравіювання напису",25000
Дитячий пам'ятник,Лезниківський,granite,red,1000x500x80,Стандарт,"Базова, портрет і напис",30500
Дитячий пам'ятник,Лезниківський,granite,red,1000x500x80,Стандарт,"Стандартна, портрет і орнамент",35500
Дитячий пам'ятник,Лезниківський,granite,red,1000x500x80,Стандарт,"Складна, різьблення й декор",43000
Дитячий пам'ятник,Лезниківський,granite,red,1000x500x80,Стандарт,"Елітна, скульптура й позолота",53500
Дитячий пам'ятник,Лезниківський,granite,red,1000x600x80,Збільшений,"Проста форма, гравіювання напису",27000
Дитячий пам'ятник,Лезниківський,granite,red,1000x600x80,Збільшений,"Базова, портрет і напис",32500
Дитячий пам'ятник,Лезниківський,granite,red,1000x600x80,Збільшений,"Стандартна, портрет і орнамент",38500
Дитячий пам'ятник,Лезниківський,granite,red,1000x600x80,Збільшений,"Складна, різьблення й декор",46000
Дитячий пам'ятник,Лезниківський,granite,red,1000x600x80,Збільшений,"Елітна, скульптура й позолота",57500
Дитячий пам'ятник,Лезниківський,granite,red,1200x600x80,Преміум,"Проста форма, гравіювання напису",29000
Дитячий пам'ятник,Лезниківський,granite,red,1200x600x80,Преміум,"Базова, портрет і напис",35500
Дитячий пам'ятник,Лезниківський,granite,red,1200x600x80,Преміум,"Стандартна, портрет і орнамент",41500
Дитячий пам'ятник,Лезниківський,granite,red,1200x600x80,Преміум,"Складна, різьблення й декор",50000
Дитячий пам'ятник,Лезниківський,granite,red,1200x600x80,Преміум,"Елітна, скульптура й позолота",62500
Дитячий пам'ятник,Мармур білий,marble,white,800x450x80,Економ,"Проста форма, гравіювання напису",24000
Дитячий пам'ятник,Мармур білий,marble,white,800x450x80,Економ,"Базова, портрет і напис",29000
Дитячий пам'ятник,Мармур білий,marble,white,800x450x80,Економ,"Стандартна, портрет і орнамент",34000
Дитячий пам'ятник,Мармур білий,marble,white,800x450x80,Економ,"Складна, різьблення й декор",41000
Дитячий пам'ятник,Мармур білий,marble,white,800x450x80,Економ,"Елітна, скульптура й позолота",51000
Дитячий пам'ятник,Мармур білий,marble,white,1000x500x80,Стандарт,"Проста форма, гравіювання напису",27000
Дитячий пам'ятник,Мармур білий,marble,white,1000x500x80,Стандарт,"Базова, портрет і напис",33000
Дитячий пам'ятник,Мармур білий,marble,white,1000x500x80,Стандарт,"Стандартна, портрет і орнамент",38500
Дитячий пам'ятник,Мармур білий,marble,white,1000x500x80,Стандарт,"Складна, різьблення й декор",46500
Дитячий пам'ятник,Мармур білий,marble,white,1000x500x80,Стандарт,"Елітна, скульптура й позолота",58000
Дитячий пам'ятник,Мармур білий,marble,white,1000x600x80,Збільшений,"Проста форма, гравіювання напису",29500
Дитячий пам'ятник,Мармур білий,marble,white,1000x600x80,Збільшений,"Базова, портрет і напис",35500
Дитячий пам'ятник,Мармур білий,marble,white,1000x600x80,Збільшений,"Стандартна, портрет і орнамент",42000
Дитячий пам'ятник,Мармур білий,marble,white,1000x600x80,Збільшений,"Складна, різьблення й декор",50500
Дитячий пам'ятник,Мармур білий,marble,white,1000x600x80,Збільшений,"Елітна, скульптура й позолота",63000
Дитячий пам'ятник,Мармур білий,marble,white,1200x600x80,Преміум,"Проста форма, гравіювання напису",32000
Дитячий пам'ятник,Мармур білий,marble,white,1200x600x80,Преміум,"Базова, портрет і напис",39000
Дитячий пам'ятник,Мармур білий,marble,white,1200x600x80,Преміум,"Стандартна, портрет і орнамент",46000
Дитячий пам'ятник,Мармур білий,marble,white,1200x600x80,Преміум,"Складна, різьблення й декор",55000
Дитячий пам'ятник,Мармур білий,marble,white,1200x600x80,Преміум,"Елітна, скульптура й позолота",69000
Хрест гранітний,Покостівський,granite,grey,800x450x80,Економ,"Проста форма, гравіювання напису",20000
Хрест гранітний,Покостівський,granite,grey,800x450x80,Економ,"Базова, портрет і напис",24000
Хрест гранітний,Покостівський,granite,grey,800x450x80,Економ,"Стандартна, портрет і орнамент",28500
Хрест гранітний,Покостівський,granite,grey,800x450x80,Економ,"Складна, різьблення й декор",34000
Хрест гранітний,Покостівський,granite,grey,800x450x80,Економ,"Елітна, скульптура й позолота",42500
Хрест гранітний,Покостівський,granite,grey,1000x500x80,Стандарт,"Проста форма, гравіювання напису",21500
Хрест гранітний,Покостівський,granite,grey,1000x500x80,Стандарт,"Базова, портрет і напис",26000
Хрест гранітний,Покостівський,granite,grey,1000x500x80,Стандарт,"Стандартна, портрет і орнамент",30500
Хрест гранітний,Покостівський,granite,grey,1000x500x80,Стандарт,"Складна, різьблення й декор",37000
Хрест гранітний,Покостівський,granite,grey,1000x500x80,Стандарт,"Елітна, скульптура й позолота",46000
Хрест гранітний,Покостівський,granite,grey,1000x600x80,Збільшений,"Проста форма, гравіювання напису",22500
Хрест гранітний,Покостівський,granite,grey,1000x600x80,Збільшений,"Базова, портрет і напис",27500
Хрест гранітний,Покостівський,granite,grey,1000x600x80,Збільшений,"Стандартна, портрет і орнамент",32500
Хрест гранітний,Покостівський,granite,grey,1000x600x80,Збільшений,"Складна, різьблення й декор",39000
Хрест гранітний,Покостівський,granite,grey,1000x600x80,Збільшений,"Елітна, скульптура й позолота",48500
Хрест гранітний,Покостівський,granite,grey,1200x600x80,Преміум,"Проста форма, гравіювання напису",24000
Хрест гранітний,Покостівський,granite,grey,1200x600x80,Преміум,"Базова, портрет і напис",29500
Хрест гранітний,Покостівський,granite,grey,1200x600x80,Преміум,"Стандартна, портрет і орнамент",34500
Хрест гранітний,Покостівський,granite,grey,1200x600x80,Преміум,"Складна, різьблення й декор",41500
Хрест гранітний,Покостівський,granite,grey,1200x600x80,Преміум,"Елітна, скульптура й позолота",51500
Хрест гранітний,Габро (Головинське),gabbro,black,800x450x80,Економ,"Проста форма, гравіювання напису",20500
Хрест гранітний,Габро (Головинське),gabbro,black,800x450x80,Економ,"Базова, портрет і напис",24500
Хрест гранітний,Габро (Головинське),gabbro,black,800x450x80,Економ,"Стандартна, портрет і орнамент",29000
Хрест гранітний,Габро (Головинське),gabbro,black,800x450x80,Економ,"Складна, різьблення й декор",35000
Хрест гранітний,Габро (Головинське),gabbro,black,800x450x80,Економ,"Елітна, скульптура й позолота",43500
Хрест гранітний,Габро (Головинське),gabbro,black,1000x500x80,Стандарт,"Проста форма, гравіювання напису",22000
Хрест гранітний,Габро (Головинське),gabbro,black,1000x500x80,Стандарт,"Базова, портрет і напис",27000
Хрест гранітний,Габро (Головинське),gabbro,black,1000x500x80,Стандарт,"Стандартна, портрет і орнамент",31500
Хрест гранітний,Габро (Головинське),gabbro,black,1000x500x80,Стандарт,"Складна, різьблення й декор",38000
Хрест гранітний,Габро (Головинське),gabbro,black,1000x500x80,Стандарт,"Елітна, скульптура й позолота",47500
Хрест гранітний,Габро (Головинське),gabbro,black,1000x600x80,Збільшений,"Проста форма, гравіювання напису",23500
Хрест гранітний,Габро (Головинське),gabbro,black,1000x600x80,Збільшений,"Базова, портрет і напис",28500
Хрест гранітний,Габро (Головинське),gabbro,black,1000x600x80,Збільшений,"Стандартна, портрет і орнамент",33500
Хрест гранітний,Габро (Головинське),gabbro,black,1000x600x80,Збільшений,"Складна, різьблення й декор",40500
Хрест гранітний,Габро (Головинське),gabbro,black,1000x600x80,Збільшений,"Елітна, скульптура й позолота",50500
Хрест гранітний,Габро (Головинське),gabbro,black,1200x600x80,Преміум,"Проста форма, гравіювання напису",25000
Хрест гранітний,Габро (Головинське),gabbro,black,1200x600x80,Преміум,"Базова, портрет і напис",30500
Хрест гранітний,Габро (Головинське),gabbro,black,1200x600x80,Преміум,"Стандартна, портрет і орнамент",36000
Хрест гранітний,Габро (Головинське),gabbro,black,1200x600x80,Преміум,"Складна, різьблення й декор",43000
Хрест гранітний,Габро (Головинське),gabbro,black,1200x600x80,Преміум,"Елітна, скульптура й позолота",54000
Хрест гранітний,Лабрадорит (Добринський),labradorite,black,800x450x80,Економ,"Проста форма, гравіювання напису",21000
Хрест гранітний,Лабрадорит (Добринський),labradorite,black,800x450x80,Економ,"Базова, портрет і напис",25500
Хрест гранітний,Лабрадорит (Добринський),labradorite,black,800x450x80,Економ,"Стандартна, портрет і орнамент",30000
Хрест гранітний,Лабрадорит (Добринський),labradorite,black,800x450x80,Економ,"Складна, різьблення й декор",36000
Хрест гранітний,Лабрадорит (Добринський),labradorite,black,800x450x80,Економ,"Елітна, скульптура й позолота",45000
Хрест гранітний,Лабрадорит (Добринський),labradorite,black,1000x500x80,Стандарт,"Проста форма, гравіювання напису",23000
Хрест гранітний,Лабрадорит (Добринський),labradorite,black,1000x500x80,Стандарт,"Базова, портрет і напис",28000
Хрест гранітний,Лабрадорит (Добринський),labradorite,black,1000x500x80,Стандарт,"Стандартна, портрет і орнамент",33000
Хрест гранітний,Лабрадорит (Добринський),labradorite,black,1000x500x80,Стандарт,"Складна, різьблення й декор",39500
Хрест гранітний,Лабрадорит (Добринський),labradorite,black,1000x500x80,Стандарт,"Елітна, скульптура й позолота",49500
Хрест гранітний,Лабрадорит (Добринський),labradorite,black,1000x600x80,Збільшений,"Проста форма, гравіювання напису",24500
Хрест гранітний,Лабрадорит (Добринський),labradorite,black,1000x600x80,Збільшений,"Базова, портрет і напис",30000
Хрест гранітний,Лабрадорит (Добринський),labradorite,black,1000x600x80,Збільшений,"Стандартна, портрет і орнамент",35500
Хрест гранітний,Лабрадорит (Добринський),labradorite,black,1000x600x80,Збільшений,"Складна, різьблення й декор",42500
Хрест гранітний,Лабрадорит (Добринський),labradorite,black,1000x600x80,Збільшений,"Елітна, скульптура й позолота",53000
Хрест гранітний,Лабрадорит (Добринський),labradorite,black,1200x600x80,Преміум,"Проста форма, гравіювання напису",26500
Хрест гранітний,Лабрадорит (Добринський),labradorite,black,1200x600x80,Преміум,"Базова, портрет і напис",32000
Хрест гранітний,Лабрадорит (Добринський),labradorite,black,1200x600x80,Преміум,"Стандартна, портрет і орнамент",38000
Хрест гранітний,Лабрадорит (Добринський),labradorite,black,1200x600x80,Преміум,"Складна, різьблення й декор",45500
Хрест гранітний,Лабрадорит (Добринський),labradorite,black,1200x600x80,Преміум,"Елітна, скульптура й позолота",57000
Хрест гранітний,Корнинський,granite,grey,800x450x80,Економ,"Проста форма, гравіювання напису",21000
Хрест гранітний,Корнинський,granite,grey,800x450x80,Економ,"Базова, портрет і напис",25500
Хрест гранітний,Корнинський,granite,grey,800x450x80,Економ,"Стандартна, портрет і орнамент",30000
Хрест гранітний,Корнинський,granite,grey,800x450x80,Економ,"Складна, різьблення й декор",36000
Хрест гранітний,Корнинський,granite,grey,800x450x80,Економ,"Елітна, скульптура й позолота",45500
Хрест гранітний,Корнинський,granite,grey,1000x500x80,Стандарт,"Проста форма, гравіювання напису",23500
Хрест гранітний,Корнинський,granite,grey,1000x500x80,Стандарт,"Базова, портрет і напис",28500
Хрест гранітний,Корнинський,granite,grey,1000x500x80,Стандарт,"Стандартна, портрет і орнамент",33500
Хрест гранітний,Корнинський,granite,grey,1000x500x80,Стандарт,"Складна, різьблення й декор",40000
Хрест гранітний,Корнинський,granite,grey,1000x500x80,Стандарт,"Елітна, скульптура й позолота",50000
Хрест гранітний,Корнинський,granite,grey,1000x600x80,Збільшений,"Проста форма, гравіювання напису",25000
Хрест гранітний,Корнинський,granite,grey,1000x600x80,Збільшений,"Базова, портрет і напис",30000
Хрест гранітний,Корнинський,granite,grey,1000x600x80,Збільшений,"Стандартна, портрет і орнамент",35500
Хрест гранітний,Корнинський,granite,grey,1000x600x80,Збільшений,"Складна, різьблення й декор",42500
Хрест гранітний,Корнинський,granite,grey,1000x600x80,Збільшений,"Елітна, скульптура й позолота",53500
Хрест гранітний,Корнинський,granite,grey,1200x600x80,Преміум,"Проста форма, гравіювання напису",27000
Хрест гранітний,Корнинський,granite,grey,1200x600x80,Преміум,"Базова, портрет і напис",32500
Хрест гранітний,Корнинський,granite,grey,1200x600x80,Преміум,"Стандартна, портрет і орнамент",38000
Хрест гранітний,Корнинський,granite,grey,1200x600x80,Преміум,"Складна, різьблення й декор",46000
Хрест гранітний,Корнинський,granite,grey,1200x600x80,Преміум,"Елітна, скульптура й позолота",57500
Хрест гранітний,Капустинський,granite,red,800x450x80,Економ,"Проста форма, гравіювання напису",21500
Хрест гранітний,Капустинський,granite,red,800x450x80,Економ,"Базова, портрет і напис",26000
Хрест гранітний,Капустинський,granite,red,800x450x80,Економ,"Стандартна, портрет і орнамент",30500
Хрест гранітний,Капустинський,granite,red,800x450x80,Економ,"Складна, різьблення й декор",36500
Хрест гранітний,Капустинський,granite,red,800x450x80,Економ,"Елітна, скульптура й позолота",46000
Хрест гранітний,Капустинський,granite,red,1000x500x80,Стандарт,"Проста форма, гравіювання напису",23500
Хрест гранітний,Капустинський,granite,red,1000x500x80,Стандарт,"Базова, портрет і напис",28500
Хрест гранітний,Капустинський,granite,red,1000x500x80,Стандарт,"Стандартна, портрет і орнамент",34000
Хрест гранітний,Капустинський,granite,red,1000x500x80,Стандарт,"Складна, різьблення й декор",40500
Хрест гранітний,Капустинський,granite,red,1000x500x80,Стандарт,"Елітна, скульптура й позолота",50500
Хрест гранітний,Капустинський,granite,red,1000x600x80,Збільшений,"Проста форма, гравіювання напису",25500
Хрест гранітний,Капустинський,granite,red,1000x600x80,Збільшений,"Базова, портрет і напис",30500
Хрест гранітний,Капустинський,granite,red,1000x600x80,Збільшений,"Стандартна, портрет і орнамент",36000
Хрест гранітний,Капустинський,granite,red,1000x600x80,Збільшений,"Складна, різьблення й декор",43500
Хрест гранітний,Капустинський,granite,red,1000x600x80,Збільшений,"Елітна, скульптура й позолота",54000
Хрест гранітний,Капустинський,granite,red,1200x600x80,Преміум,"Проста форма, гравіювання напису",27000
Хрест гранітний,Капустинський,granite,red,1200x600x80,Преміум,"Базова, портрет і напис",33000
Хрест гранітний,Капустинський,granite,red,1200x600x80,Преміум,"Стандартна, портрет і орнамент",39000
Хрест гранітний,Капустинський,granite,red,1200x600x80,Преміум,"Складна, різьблення й декор",46500
Хрест гранітний,Капустинський,granite,red,1200x600x80,Преміум,"Елітна, скульптура й позолота",58500
Хрест гранітний,Танський,granite,grey,800x450x80,Економ,"Проста форма, гравіювання напису",21500
Хрест гранітний,Танський,granite,grey,800x450x80,Економ,"Базова, портрет і напис",26000
Хрест гранітний,Танський,granite,grey,800x450x80,Економ,"Стандартна, портрет і орнамент",30500
Хрест гранітний,Танський,granite,grey,800x450x80,Економ,"Складна, різьблення й декор",36500
Хрест гранітний,Танський,granite,grey,800x450x80,Економ,"Елітна, скульптура й позолота",46000
Хрест гранітний,Танський,granite,grey,1000x500x80,Стандарт,"Проста форма, гравіювання напису",23500
Хрест гранітний,Танський,granite,grey,1000x500x80,Стандарт,"Базова, портрет і напис",29000
Хрест гранітний,Танський,granite,grey,1000x500x80,Стандарт,"Стандартна, портрет і орнамент",34000
Хрест гранітний,Танський,granite,grey,1000x500x80,Стандарт,"Складна, різьблення й декор",40500
Хрест гранітний,Танський,granite,grey,1000x500x80,Стандарт,"Елітна, скульптура й позолота",51000
Хрест гранітний,Танський,granite,grey,1000x600x80,Збільшений,"Проста форма, гравіювання напису",25500
Хрест гранітний,Танський,granite,grey,1000x600x80,Збільшений,"Базова, портрет і напис",31000
Хрест гранітний,Танський,granite,grey,1000x600x80,Збільшений,"Стандартна, портрет і орнамент",36500
Хрест гранітний,Танський,granite,grey,1000x600x80,Збільшений,"Складна, різьблення й декор",43500
Хрест гранітний,Танський,granite,grey,1000x600x80,Збільшений,"Елітна, скульптура й позолота",54500
Хрест гранітний,Танський,granite,grey,1200x600x80,Преміум,"Проста форма, гравіювання напису",27500
Хрест гранітний,Танський,granite,grey,1200x600x80,Преміум,"Базова, портрет і напис",33000
Хрест гранітний,Танський,granite,grey,1200x600x80,Преміум,"Стандартна, портрет і орнамент",39000
Хрест гранітний,Танський,granite,grey,1200x600x80,Преміум,"Складна, різьблення й декор",47000
Хрест гранітний,Танський,granite,grey,1200x600x80,Преміум,"Елітна, скульптура й позолота",58500
Хрест гранітний,Софіївський,granite,grey,800x450x80,Економ,"Проста форма, гравіювання напису",21500
Хрест гранітний,Софіївський,granite,grey,800x450x80,Економ,"Базова, портрет і напис",26000
Хрест гранітний,Софіївський,granite,grey,800x450x80,Економ,"Стандартна, портрет і орнамент",30500
Хрест гранітний,Софіївський,granite,grey,800x450x80,Економ,"Складна, різьблення й декор",37000
Хрест гранітний,Софіївський,granite,grey,800x450x80,Економ,"Елітна, скульптура й позолота",46000
Хрест гранітний,Софіївський,granite,grey,1000x500x80,Стандарт,"Проста форма, гравіювання напису",24000
Хрест гранітний,Софіївський,granite,grey,1000x500x80,Стандарт,"Базова, портрет і напис",29000
Хрест гранітний,Софіївський,granite,grey,1000x500x80,Стандарт,"Стандартна, портрет і орнамент",34000
Хрест гранітний,Софіївський,granite,grey,1000x500x80,Стандарт,"Складна, різьблення й декор",41000
Хрест гранітний,Софіївський,granite,grey,1000x500x80,Стандарт,"Елітна, скульптура й позолота",51000
Хрест гранітний,Софіївський,granite,grey,1000x600x80,Збільшений,"Проста форма, гравіювання напису",25500
Хрест гранітний,Софіївський,granite,grey,1000x600x80,Збільшений,"Базова, портрет і напис",31000
Хрест гранітний,Софіївський,granite,grey,1000x600x80,Збільшений,"Стандартна, портрет і орнамент",36500
Хрест гранітний,Софіївський,granite,grey,1000x600x80,Збільшений,"Складна, різьблення й декор",43500
Хрест гранітний,Софіївський,granite,grey,1000x600x80,Збільшений,"Елітна, скульптура й позолота",54500
Хрест гранітний,Софіївський,granite,grey,1200x600x80,Преміум,"Проста форма, гравіювання напису",27500
Хрест гранітний,Софіївський,granite,grey,1200x600x80,Преміум,"Базова, портрет і напис",33500
Хрест гранітний,Софіївський,granite,grey,1200x600x80,Преміум,"Стандартна, портрет і орнамент",39500
Хрест гранітний,Софіївський,granite,grey,1200x600x80,Преміум,"Складна, різьблення й декор",47000
Хрест гранітний,Софіївський,granite,grey,1200x600x80,Преміум,"Елітна, скульптура й позолота",59000
Хрест гранітний,Межиріченський,granite,red,800x450x80,Економ,"Проста форма, гравіювання напису",21500
Хрест гранітний,Межиріченський,granite,red,800x450x80,Економ,"Базова, портрет і напис",26000
Хрест гранітний,Межиріченський,granite,red,800x450x80,Економ,"Стандартна, портрет і орнамент",31000
Хрест гранітний,Межиріченський,granite,red,800x450x80,Економ,"Складна, різьблення й декор",37000
Хрест гранітний,Межиріченський,granite,red,800x450x80,Економ,"Елітна, скульптура й позолота",46500
Хрест гранітний,Межиріченський,granite,red,1000x500x80,Стандарт,"Проста форма, гравіювання напису",24000
Хрест гранітний,Межиріченський,granite,red,1000x500x80,Стандарт,"Базова, портрет і напис",29000
Хрест гранітний,Межиріченський,granite,red,1000x500x80,Стандарт,"Стандартна, портрет і орнамент",34500
Хрест гранітний,Межиріченський,granite,red,1000x500x80,Стандарт,"Складна, різьблення й декор",41000
Хрест гранітний,Межиріченський,granite,red,1000x500x80,Стандарт,"Елітна, скульптура й позолота",51500
Хрест гранітний,Межиріченський,granite,red,1000x600x80,Збільшений,"Проста форма, гравіювання напису",25500
Хрест гранітний,Межиріченський,granite,red,1000x600x80,Збільшений,"Базова, портрет і напис",31000
Хрест гранітний,Межиріченський,granite,red,1000x600x80,Збільшений,"Стандартна, портрет і орнамент",36500
Хрест гранітний,Межиріченський,granite,red,1000x600x80,Збільшений,"Складна, різьблення й декор",44000
Хрест гранітний,Межиріченський,granite,red,1000x600x80,Збільшений,"Елітна, скульптура й позолота",55000
Хрест гранітний,Межиріченський,granite,red,1200x600x80,Преміум,"Проста форма, гравіювання напису",27500
Хрест гранітний,Межиріченський,granite,red,1200x600x80,Преміум,"Базова, портрет і напис",33500
Хрест гранітний,Межиріченський,granite,red,1200x600x80,Преміум,"Стандартна, портрет і орнамент",39500
Хрест гранітний,Межиріченський,granite,red,1200x600x80,Преміум,"Складна, різьблення й декор",47500
Хрест гранітний,Межиріченський,granite,red,1200x600x80,Преміум,"Елітна, скульптура й позолота",59500
Хрест гранітний,Лабрадорит (Горбулівський),labradorite,black,800x450x80,Економ,"Проста форма, гравіювання напису",21500
Хрест гранітний,Лабрадорит (Горбулівський),labradorite,black,800x450x80,Економ,"Базова, портрет і напис",26500
Хрест гранітний,Лабрадорит (Горбулівський),labradorite,black,800x450x80,Економ,"Стандартна, портрет і орнамент",31000
Хрест гранітний,Лабрадорит (Горбулівський),labradorite,black,800x450x80,Економ,"Складна, різьблення й декор",37000
Хрест гранітний,Лабрадорит (Горбулівський),labradorite,black,800x450x80,Економ,"Елітна, скульптура й позолота",46500
Хрест гранітний,Лабрадорит (Горбулівський),labradorite,black,1000x500x80,Стандарт,"Проста форма, гравіювання напису",24000
Хрест гранітний,Лабрадорит (Горбулівський),labradorite,black,1000x500x80,Стандарт,"Базова, портрет і напис",29000
Хрест гранітний,Лабрадорит (Горбулівський),labradorite,black,1000x500x80,Стандарт,"Стандартна, портрет і орнамент",34500
Хрест гранітний,Лабрадорит (Горбулівський),labradorite,black,1000x500x80,Стандарт,"Складна, різьблення й декор",41500
Хрест гранітний,Лабрадорит (Горбулівський),labradorite,black,1000x500x80,Стандарт,"Елітна, скульптура й позолота",51500
Хрест гранітний,Лабрадорит (Горбулівський),labradorite,black,1000x600x80,Збільшений,"Проста форма, гравіювання напису",26000
Хрест гранітний,Лабрадорит (Горбулівський),labradorite,black,1000x600x80,Збільшений,"Базова, портрет і напис",31500
Хрест гранітний,Лабрадорит (Горбулівський),labradorite,black,1000x600x80,Збільшений,"Стандартна, портрет і орнамент",37000
Хрест гранітний,Лабрадорит (Горбулівський),labradorite,black,1000x600x80,Збільшений,"Складна, різьблення й декор",44000
Хрест гранітний,Лабрадорит (Горбулівський),labradorite,black,1000x600x80,Збільшений,"Елітна, скульптура й позолота",55500
Хрест гранітний,Лабрадорит (Горбулівський),labradorite,black,1200x600x80,Преміум,"Проста форма, гравіювання напису",28000
Хрест гранітний,Лабрадорит (Горбулівський),labradorite,black,1200x600x80,Преміум,"Базова, портрет і напис",34000
Хрест гранітний,Лабрадорит (Горбулівський),labradorite,black,1200x600x80,Преміум,"Стандартна, портрет і орнамент",40000
Хрест гранітний,Лабрадорит (Горбулівський),labradorite,black,1200x600x80,Преміум,"Складна, різьблення й декор",47500
Хрест гранітний,Лабрадорит (Горбулівський),labradorite,black,1200x600x80,Преміум,"Елітна, скульптура й позолота",59500
Хрест гранітний,Габро (Букинське),gabbro,black,800x450x80,Економ,"Проста форма, гравіювання напису",21500
Хрест гранітний,Габро (Букинське),gabbro,black,800x450x80,Економ,"Базова, портрет і напис",26500
Хрест гранітний,Габро (Букинське),gabbro,black,800x450x80,Економ,"Стандартна, портрет і орнамент",31000
Хрест гранітний,Габро (Букинське),gabbro,black,800x450x80,Економ,"Складна, різьблення й декор",37000
Хрест гранітний,Габро (Букинське),gabbro,black,800x450x80,Економ,"Елітна, скульптура й позолота",46500
Хрест гранітний,Габро (Букинське),gabbro,black,1000x500x80,Стандарт,"Проста форма, гравіювання напису",24000
Хрест гранітний,Габро (Букинське),gabbro,black,1000x500x80,Стандарт,"Базова, портрет і напис",29500
Хрест гранітний,Габро (Букинське),gabbro,black,1000x500x80,Стандарт,"Стандартна, портрет і орнамент",34500
Хрест гранітний,Габро (Букинське),gabbro,black,1000x500x80,Стандарт,"Складна, різьблення й декор",41500
Хрест гранітний,Габро (Букинське),gabbro,black,1000x500x80,Стандарт,"Елітна, скульптура й позолота",52000
Хрест гранітний,Габро (Букинське),gabbro,black,1000x600x80,Збільшений,"Проста форма, гравіювання напису",26000
Хрест гранітний,Габро (Букинське),gabbro,black,1000x600x80,Збільшений,"Базова, портрет і напис",31500
Хрест гранітний,Габро (Букинське),gabbro,black,1000x600x80,Збільшений,"Стандартна, портрет і орнамент",37000
Хрест гранітний,Габро (Букинське),gabbro,black,1000x600x80,Збільшений,"Складна, різьблення й декор",44500
Хрест гранітний,Габро (Букинське),gabbro,black,1000x600x80,Збільшений,"Елітна, скульптура й позолота",55500
Хрест гранітний,Габро (Букинське),gabbro,black,1200x600x80,Преміум,"Проста форма, гравіювання напису",28000
Хрест гранітний,Габро (Букинське),gabbro,black,1200x600x80,Преміум,"Базова, портрет і напис",34000
Хрест гранітний,Габро (Букинське),gabbro,black,1200x600x80,Преміум,"Стандартна, портрет і орнамент",40000
Хрест гранітний,Габро (Букинське),gabbro,black,1200x600x80,Преміум,"Складна, різьблення й декор",48000
Хрест гранітний,Габро (Букинське),gabbro,black,1200x600x80,Преміум,"Елітна, скульптура й позолота",60000
Хрест гранітний,Дідковицький,granite,green,800x450x80,Економ,"Проста форма, гравіювання напису",22000
Хрест гранітний,Дідковицький,granite,green,800x450x80,Економ,"Базова, портрет і напис",26500
Хрест гранітний,Дідковицький,granite,green,800x450x80,Економ,"Стандартна, портрет і орнамент",31500
Хрест гранітний,Дідковицький,granite,green,800x450x80,Економ,"Складна, різьблення й декор",37500
Хрест гранітний,Дідковицький,granite,green,800x450x80,Економ,"Елітна, скульптура й позолота",47000
Хрест гранітний,Дідковицький,granite,green,1000x500x80,Стандарт,"Проста форма, гравіювання напису",24500
Хрест гранітний,Дідковицький,granite,green,1000x500x80,Стандарт,"Базова, портрет і напис",29500
Хрест гранітний,Дідковицький,granite,green,1000x500x80,Стандарт,"Стандартна, портрет і орнамент",35000
Хрест гранітний,Дідковицький,granite,green,1000x500x80,Стандарт,"Складна, різьблення й декор",42000
Хрест гранітний,Дідковицький,granite,green,1000x500x80,Стандарт,"Елітна, скульптура й позолота",52500
Хрест гранітний,Дідковицький,granite,green,1000x600x80,Збільшений,"Проста форма, гравіювання напису",26500
Хрест гранітний,Дідковицький,granite,green,1000x600x80,Збільшений,"Базова, портрет і напис",32000
Хрест гранітний,Дідковицький,granite,green,1000x600x80,Збільшений,"Стандартна, портрет і орнамент",37500
Хрест гранітний,Дідковицький,granite,green,1000x600x80,Збільшений,"Складна, різьблення й декор",45000
Хрест гранітний,Дідковицький,granite,green,1000x600x80,Збільшений,"Елітна, скульптура й позолота",56500
Хрест гранітний,Дідковицький,granite,green,1200x600x80,Преміум,"Проста форма, гравіювання напису",28500
Хрест гранітний,Дідковицький,granite,green,1200x600x80,Преміум,"Базова, портрет і напис",34500
Хрест гранітний,Дідковицький,granite,green,1200x600x80,Преміум,"Стандартна, портрет і орнамент",40500
Хрест гранітний,Дідковицький,granite,green,1200x600x80,Преміум,"Складна, різьблення й декор",49000
Хрест гранітний,Дідковицький,granite,green,1200x600x80,Преміум,"Елітна, скульптура й позолота",61000
Хрест гранітний,Токівський,granite,brown,800x450x80,Економ,"Проста форма, гравіювання напису",22500
Хрест гранітний,Токівський,granite,brown,800x450x80,Економ,"Базова, портрет і напис",27000
Хрест гранітний,Токівський,granite,brown,800x450x80,Економ,"Стандартна, портрет і орнамент",32000
Хрест гранітний,Токівський,granite,brown,800x450x80,Економ,"Складна, різьблення й декор",38500
Хрест гранітний,Токівський,granite,brown,800x450x80,Економ,"Елітна, скульптура й позолота",48000
Хрест гранітний,Токівський,granite,brown,1000x500x80,Стандарт,"Проста форма, гравіювання напису",25000
Хрест гранітний,Токівський,granite,brown,1000x500x80,Стандарт,"Базова, портрет і напис",30500
Хрест гранітний,Токівський,granite,brown,1000x500x80,Стандарт,"Стандартна, портрет і орнамент",36000
Хрест гранітний,Токівський,granite,brown,1000x500x80,Стандарт,"Складна, різьблення й декор",43000
Хрест гранітний,Токівський,granite,brown,1000x500x80,Стандарт,"Елітна, скульптура й позолота",53500
Хрест гранітний,Токівський,granite,brown,1000x600x80,Збільшений,"Проста форма, гравіювання напису",27000
Хрест гранітний,Токівський,granite,brown,1000x600x80,Збільшений,"Базова, портрет і напис",33000
Хрест гранітний,Токівський,granite,brown,1000x600x80,Збільшений,"Стандартна, портрет і орнамент",38500
Хрест гранітний,Токівський,granite,brown,1000x600x80,Збільшений,"Складна, різьблення й декор",46500
Хрест гранітний,Токівський,granite,brown,1000x600x80,Збільшений,"Елітна, скульптура й позолота",58000
Хрест гранітний,Токівський,granite,brown,1200x600x80,Преміум,"Проста форма, гравіювання напису",29500
Хрест гранітний,Токівський,granite,brown,1200x600x80,Преміум,"Базова, портрет і напис",35500
Хрест гранітний,Токівський,granite,brown,1200x600x80,Преміум,"Стандартна, портрет і орнамент",42000
Хрест гранітний,Токівський,granite,brown,1200x600x80,Преміум,"Складна, різьблення й декор",50000
Хрест гранітний,Токівський,granite,brown,1200x600x80,Преміум,"Елітна, скульптура й позолота",63000
Хрест гранітний,Берестовецький,granite,black,800x450x80,Економ,"Проста форма, гравіювання напису",22500
Хрест гранітний,Берестовецький,granite,black,800x450x80,Економ,"Базова, портрет і напис",27500
Хрест гранітний,Берестовецький,granite,black,800x450x80,Економ,"Стандартна, портрет і орнамент",32000
Хрест гранітний,Берестовецький,granite,black,800x450x80,Економ,"Складна, різьблення й декор",38500
Хрест гранітний,Берестовецький,granite,black,800x450x80,Економ,"Елітна, скульптура й позолота",48500
Хрест гранітний,Берестовецький,granite,black,1000x500x80,Стандарт,"Проста форма, гравіювання напису",25500
Хрест гранітний,Берестовецький,granite,black,1000x500x80,Стандарт,"Базова, портрет і напис",30500
Хрест гранітний,Берестовецький,granite,black,1000x500x80,Стандарт,"Стандартна, портрет і орнамент",36000
Хрест гранітний,Берестовецький,granite,black,1000x500x80,Стандарт,"Складна, різьблення й декор",43500
Хрест гранітний,Берестовецький,granite,black,1000x500x80,Стандарт,"Елітна, скульптура й позолота",54500
Хрест гранітний,Берестовецький,granite,black,1000x600x80,Збільшений,"Проста форма, гравіювання напису",27500
Хрест гранітний,Берестовецький,granite,black,1000x600x80,Збільшений,"Базова, портрет і напис",33000
Хрест гранітний,Берестовецький,granite,black,1000x600x80,Збільшений,"Стандартна, портрет і орнамент",39000
Хрест гранітний,Берестовецький,granite,black,1000x600x80,Збільшений,"Складна, різьблення й декор",47000
Хрест гранітний,Берестовецький,granite,black,1000x600x80,Збільшений,"Елітна, скульптура й позолота",58500
Хрест гранітний,Берестовецький,granite,black,1200x600x80,Преміум,"Проста форма, гравіювання напису",29500
Хрест гранітний,Берестовецький,granite,black,1200x600x80,Преміум,"Базова, портрет і напис",36000
Хрест гранітний,Берестовецький,granite,black,1200x600x80,Преміум,"Стандартна, портрет і орнамент",42500
Хрест гранітний,Берестовецький,granite,black,1200x600x80,Преміум,"Складна, різьблення й декор",51000
Хрест гранітний,Берестовецький,granite,black,1200x600x80,Преміум,"Елітна, скульптура й позолота",63500
Хрест гранітний,Маславський,granite,green,800x450x80,Економ,"Проста форма, гравіювання напису",23000
Хрест гранітний,Маславський,granite,green,800x450x80,Економ,"Базова, портрет і напис",28000
Хрест гранітний,Маславський,granite,green,800x450x80,Економ,"Стандартна, портрет і орнамент",33000
Хрест гранітний,Маславський,granite,green,800x450x80,Економ,"Складна, різьблення й декор",39500
Хрест гранітний,Маславський,granite,green,800x450x80,Економ,"Елітна, скульптура й позолота",49500
Хрест гранітний,Маславський,granite,green,1000x500x80,Стандарт,"Проста форма, гравіювання напису",26000
Хрест гранітний,Маславський,granite,green,1000x500x80,Стандарт,"Базова, портрет і напис",32000
Хрест гранітний,Маславський,granite,green,1000x500x80,Стандарт,"Стандартна, портрет і орнамент",37500
Хрест гранітний,Маславський,granite,green,1000x500x80,Стандарт,"Складна, різьблення й декор",45000
Хрест гранітний,Маславський,granite,green,1000x500x80,Стандарт,"Елітна, скульптура й позолота",56000
Хрест гранітний,Маславський,granite,green,1000x600x80,Збільшений,"Проста форма, гравіювання напису",28500
Хрест гранітний,Маславський,granite,green,1000x600x80,Збільшений,"Базова, портрет і напис",34500
Хрест гранітний,Маславський,granite,green,1000x600x80,Збільшений,"Стандартна, портрет і орнамент",40500
Хрест гранітний,Маславський,granite,green,1000x600x80,Збільшений,"Складна, різьблення й декор",48500
Хрест гранітний,Маславський,granite,green,1000x600x80,Збільшений,"Елітна, скульптура й позолота",60500
Хрест гранітний,Маславський,granite,green,1200x600x80,Преміум,"Проста форма, гравіювання напису",31000
Хрест гранітний,Маславський,granite,green,1200x600x80,Преміум,"Базова, портрет і напис",37500
Хрест гранітний,Маславський,granite,green,1200x600x80,Преміум,"Стандартна, портрет і орнамент",44000
Хрест гранітний,Маславський,granite,green,1200x600x80,Преміум,"Складна, різьблення й декор",53000
Хрест гранітний,Маславський,granite,green,1200x600x80,Преміум,"Елітна, скульптура й позолота",66000
Хрест гранітний,Лезниківський,granite,red,800x450x80,Економ,"Проста форма, гравіювання напису",22000
Хрест гранітний,Лезниківський,granite,red,800x450x80,Економ,"Базова, портрет і напис",27000
Хрест гранітний,Лезниківський,granite,red,800x450x80,Економ,"Стандартна, портрет і орнамент",31500
Хрест гранітний,Лезниківський,granite,red,800x450x80,Економ,"Складна, різьблення й декор",38000
Хрест гранітний,Лезниківський,granite,red,800x450x80,Економ,"Елітна, скульптура й позолота",47500
Хрест гранітний,Лезниківський,granite,red,1000x500x80,Стандарт,"Проста форма, гравіювання напису",24500
Хрест гранітний,Лезниківський,granite,red,1000x500x80,Стандарт,"Базова, портрет і напис",30000
Хрест гранітний,Лезниківський,granite,red,1000x500x80,Стандарт,"Стандартна, портрет і орнамент",35000
Хрест гранітний,Лезниківський,granite,red,1000x500x80,Стандарт,"Складна, різьблення й декор",42500
Хрест гранітний,Лезниківський,granite,red,1000x500x80,Стандарт,"Елітна, скульптура й позолота",53000
Хрест гранітний,Лезниківський,granite,red,1000x600x80,Збільшений,"Проста форма, гравіювання напису",26500
Хрест гранітний,Лезниківський,granite,red,1000x600x80,Збільшений,"Базова, портрет і напис",32000
Хрест гранітний,Лезниківський,granite,red,1000x600x80,Збільшений,"Стандартна, портрет і орнамент",38000
Хрест гранітний,Лезниківський,granite,red,1000x600x80,Збільшений,"Складна, різьблення й декор",45500
Хрест гранітний,Лезниківський,granite,red,1000x600x80,Збільшений,"Елітна, скульптура й позолота",57000
Хрест гранітний,Лезниківський,granite,red,1200x600x80,Преміум,"Проста форма, гравіювання напису",28500
Хрест гранітний,Лезниківський,granite,red,1200x600x80,Преміум,"Базова, портрет і напис",35000
Хрест гранітний,Лезниківський,granite,red,1200x600x80,Преміум,"Стандартна, портрет і орнамент",41000
Хрест гранітний,Лезниківський,granite,red,1200x600x80,Преміум,"Складна, різьблення й декор",49000
Хрест гранітний,Лезниківський,granite,red,1200x600x80,Преміум,"Елітна, скульптура й позолота",61500
Хрест гранітний,Мармур білий,marble,white,800x450x80,Економ,"Проста форма, гравіювання напису",23500
Хрест гранітний,Мармур білий,marble,white,800x450x80,Економ,"Базова, портрет і напис",28500
Хрест гранітний,Мармур білий,marble,white,800x450x80,Економ,"Стандартна, портрет і орнамент",33500
Хрест гранітний,Мармур білий,marble,white,800x450x80,Економ,"Складна, різьблення й декор",40500
Хрест гранітний,Мармур білий,marble,white,800x450x80,Економ,"Елітна, скульптура й позолота",50500
Хрест гранітний,Мармур білий,marble,white,1000x500x80,Стандарт,"Проста форма, гравіювання напису",26500
Хрест гранітний,Мармур білий,marble,white,1000x500x80,Стандарт,"Базова, портрет і напис",32500
Хрест гранітний,Мармур білий,marble,white,1000x500x80,Стандарт,"Стандартна, портрет і орнамент",38000
Хрест гранітний,Мармур білий,marble,white,1000x500x80,Стандарт,"Складна, різьблення й декор",46000
Хрест гранітний,Мармур білий,marble,white,1000x500x80,Стандарт,"Елітна, скульптура й позолота",57500
Хрест гранітний,Мармур білий,marble,white,1000x600x80,Збільшений,"Проста форма, гравіювання напису",29000
Хрест гранітний,Мармур білий,marble,white,1000x600x80,Збільшений,"Базова, портрет і напис",35000
Хрест гранітний,Мармур білий,marble,white,1000x600x80,Збільшений,"Стандартна, портрет і орнамент",41500
Хрест гранітний,Мармур білий,marble,white,1000x600x80,Збільшений,"Складна, різьблення й декор",49500
Хрест гранітний,Мармур білий,marble,white,1000x600x80,Збільшений,"Елітна, скульптура й позолота",62000
Хрест гранітний,Мармур білий,marble,white,1200x600x80,Преміум,"Проста форма, гравіювання напису",31500
Хрест гранітний,Мармур білий,marble,white,1200x600x80,Преміум,"Базова, портрет і напис",38500
Хрест гранітний,Мармур білий,marble,white,1200x600x80,Преміум,"Стандартна, портрет і орнамент",45500
Хрест гранітний,Мармур білий,marble,white,1200x600x80,Преміум,"Складна, різьблення й декор",54500
Хрест гранітний,Мармур білий,marble,white,1200x600x80,Преміум,"Елітна, скульптура й позолота",68000
Меморіальний комплекс,Покостівський,granite,grey,800x450x80,Економ,"Проста форма, гравіювання напису",81000
Меморіальний комплекс,Покостівський,granite,grey,800x450x80,Економ,"Базова, портрет і напис",98500
Меморіальний комплекс,Покостівський,granite,grey,800x450x80,Економ,"Стандартна, портрет і орнамент",116000
Меморіальний комплекс,Покостівський,granite,grey,800x450x80,Економ,"Складна, різьблення й декор",139000
Меморіальний комплекс,Покостівський,granite,grey,800x450x80,Економ,"Елітна, скульптура й позолота",174000
Меморіальний комплекс,Покостівський,granite,grey,1000x500x80,Стандарт,"Проста форма, гравіювання напису",84000
Меморіальний комплекс,Покостівський,granite,grey,1000x500x80,Стандарт,"Базова, портрет і напис",102000
Меморіальний комплекс,Покостівський,granite,grey,1000x500x80,Стандарт,"Стандартна, портрет і орнамент",120000
Меморіальний комплекс,Покостівський,granite,grey,1000x500x80,Стандарт,"Складна, різьблення й декор",143500
Меморіальний комплекс,Покостівський,granite,grey,1000x500x80,Стандарт,"Елітна, скульптура й позолота",179500
Меморіальний комплекс,Покостівський,granite,grey,1000x600x80,Збільшений,"Проста форма, гравіювання напису",85500
Меморіальний комплекс,Покостівський,granite,grey,1000x600x80,Збільшений,"Базова, портрет і напис",104000
Меморіальний комплекс,Покостівський,granite,grey,1000x600x80,Збільшений,"Стандартна, портрет і орнамент",122500
Меморіальний комплекс,Покостівський,granite,grey,1000x600x80,Збільшений,"Складна, різьблення й декор",147000
Меморіальний комплекс,Покостівський,granite,grey,1000x600x80,Збільшений,"Елітна, скульптура й позолота",183500
Меморіальний комплекс,Покостівський,granite,grey,1200x600x80,Преміум,"Проста форма, гравіювання напису",88000
Меморіальний комплекс,Покостівський,granite,grey,1200x600x80,Преміум,"Базова, портрет і напис",107000
Меморіальний комплекс,Покостівський,granite,grey,1200x600x80,Преміум,"Стандартна, портрет і орнамент",125500
Меморіальний комплекс,Покостівський,granite,grey,1200x600x80,Преміум,"Складна, різьблення й декор",151000
Меморіальний комплекс,Покостівський,granite,grey,1200x600x80,Преміум,"Елітна, скульптура й позолота",188500
Меморіальний комплекс,Габро (Головинське),gabbro,black,800x450x80,Економ,"Проста форма, гравіювання напису",82000
Меморіальний комплекс,Габро (Головинське),gabbro,black,800x450x80,Економ,"Базова, портрет і напис",99500
Меморіальний комплекс,Габро (Головинське),gabbro,black,800x450x80,Економ,"Стандартна, портрет і орнамент",117000
Меморіальний комплекс,Габро (Головинське),gabbro,black,800x450x80,Економ,"Складна, різьблення й декор",140500
Меморіальний комплекс,Габро (Головинське),gabbro,black,800x450x80,Економ,"Елітна, скульптура й позолота",175500
Меморіальний комплекс,Габро (Головинське),gabbro,black,1000x500x80,Стандарт,"Проста форма, гравіювання напису",85000
Меморіальний комплекс,Габро (Головинське),gabbro,black,1000x500x80,Стандарт,"Базова, портрет і напис",103000
Меморіальний комплекс,Габро (Головинське),gabbro,black,1000x500x80,Стандарт,"Стандартна, портрет і орнамент",121000
Меморіальний комплекс,Габро (Головинське),gabbro,black,1000x500x80,Стандарт,"Складна, різьблення й декор",145500
Меморіальний комплекс,Габро (Головинське),gabbro,black,1000x500x80,Стандарт,"Елітна, скульптура й позолота",182000
Меморіальний комплекс,Габро (Головинське),gabbro,black,1000x600x80,Збільшений,"Проста форма, гравіювання напису",87000
Меморіальний комплекс,Габро (Головинське),gabbro,black,1000x600x80,Збільшений,"Базова, портрет і напис",105500
Меморіальний комплекс,Габро (Головинське),gabbro,black,1000x600x80,Збільшений,"Стандартна, портрет і орнамент",124000
Меморіальний комплекс,Габро (Головинське),gabbro,black,1000x600x80,Збільшений,"Складна, різьблення й декор",149000
Меморіальний комплекс,Габро (Головинське),gabbro,black,1000x600x80,Збільшений,"Елітна, скульптура й позолота",186500
Меморіальний комплекс,Габро (Головинське),gabbro,black,1200x600x80,Преміум,"Проста форма, гравіювання напису",89500
Меморіальний комплекс,Габро (Головинське),gabbro,black,1200x600x80,Преміум,"Базова, портрет і напис",108500
Меморіальний комплекс,Габро (Головинське),gabbro,black,1200x600x80,Преміум,"Стандартна, портрет і орнамент",128000
Меморіальний комплекс,Габро (Головинське),gabbro,black,1200x600x80,Преміум,"Складна, різьблення й декор",153500
Меморіальний комплекс,Габро (Головинське),gabbro,black,1200x600x80,Преміум,"Елітна, скульптура й позолота",192000
Меморіальний комплекс,Лабрадорит (Добринський),labradorite,black,800x450x80,Економ,"Проста форма, гравіювання напису",83000
Меморіальний комплекс,Лабрадорит (Добринський),labradorite,black,800x450x80,Економ,"Базова, портрет і напис",101000
Меморіальний комплекс,Лабрадорит (Добринський),labradorite,black,800x450x80,Економ,"Стандартна, портрет і орнамент",118500
Меморіальний комплекс,Лабрадорит (Добринський),labradorite,black,800x450x80,Економ,"Складна, різьблення й декор",142500
Меморіальний комплекс,Лабрадорит (Добринський),labradorite,black,800x450x80,Економ,"Елітна, скульптура й позолота",178000
Меморіальний комплекс,Лабрадорит (Добринський),labradorite,black,1000x500x80,Стандарт,"Проста форма, гравіювання напису",86500
Меморіальний комплекс,Лабрадорит (Добринський),labradorite,black,1000x500x80,Стандарт,"Базова, портрет і напис",105000
Меморіальний комплекс,Лабрадорит (Добринський),labradorite,black,1000x500x80,Стандарт,"Стандартна, портрет і орнамент",123500
Меморіальний комплекс,Лабрадорит (Добринський),labradorite,black,1000x500x80,Стандарт,"Складна, різьблення й декор",148000
Меморіальний комплекс,Лабрадорит (Добринський),labradorite,black,1000x500x80,Стандарт,"Елітна, скульптура й позолота",185000
Меморіальний комплекс,Лабрадорит (Добринський),labradorite,black,1000x600x80,Збільшений,"Проста форма, гравіювання напису",89000
Меморіальний комплекс,Лабрадорит (Добринський),labradorite,black,1000x600x80,Збільшений,"Базова, портрет і напис",108000
Меморіальний комплекс,Лабрадорит (Добринський),labradorite,black,1000x600x80,Збільшений,"Стандартна, портрет і орнамент",127000
Меморіальний комплекс,Лабрадорит (Добринський),labradorite,black,1000x600x80,Збільшений,"Складна, різьблення й декор",152500
Меморіальний комплекс,Лабрадорит (Добринський),labradorite,black,1000x600x80,Збільшений,"Елітна, скульптура й позолота",190500
Меморіальний комплекс,Лабрадорит (Добринський),labradorite,black,1200x600x80,Преміум,"Проста форма, гравіювання напису",92000
Меморіальний комплекс,Лабрадорит (Добринський),labradorite,black,1200x600x80,Преміум,"Базова, портрет і напис",111500
Меморіальний комплекс,Лабрадорит (Добринський),labradorite,black,1200x600x80,Преміум,"Стандартна, портрет і орнамент",131000
Меморіальний комплекс,Лабрадорит (Добринський),labradorite,black,1200x600x80,Преміум,"Складна, різьблення й декор",157500
Меморіальний комплекс,Лабрадорит (Добринський),labradorite,black,1200x600x80,Преміум,"Елітна, скульптура й позолота",196500
Меморіальний комплекс,Корнинський,granite,grey,800x450x80,Економ,"Проста форма, гравіювання напису",83500
Меморіальний комплекс,Корнинський,granite,grey,800x450x80,Економ,"Базова, портрет і напис",101000
Меморіальний комплекс,Корнинський,granite,grey,800x450x80,Економ,"Стандартна, портрет і орнамент",119000
Меморіальний комплекс,Корнинський,granite,grey,800x450x80,Економ,"Складна, різьблення й декор",142500
Меморіальний комплекс,Корнинський,granite,grey,800x450x80,Економ,"Елітна, скульптура й позолота",178500
Меморіальний комплекс,Корнинський,granite,grey,1000x500x80,Стандарт,"Проста форма, гравіювання напису",86500
Меморіальний комплекс,Корнинський,granite,grey,1000x500x80,Стандарт,"Базова, портрет і напис",105500
Меморіальний комплекс,Корнинський,granite,grey,1000x500x80,Стандарт,"Стандартна, портрет і орнамент",124000
Меморіальний комплекс,Корнинський,granite,grey,1000x500x80,Стандарт,"Складна, різьблення й декор",148500
Меморіальний комплекс,Корнинський,granite,grey,1000x500x80,Стандарт,"Елітна, скульптура й позолота",186000
Меморіальний комплекс,Корнинський,granite,grey,1000x600x80,Збільшений,"Проста форма, гравіювання напису",89000
Меморіальний комплекс,Корнинський,granite,grey,1000x600x80,Збільшений,"Базова, портрет і напис",108500
Меморіальний комплекс,Корнинський,granite,grey,1000x600x80,Збільшений,"Стандартна, портрет і орнамент",127500
Меморіальний комплекс,Корнинський,granite,grey,1000x600x80,Збільшений,"Складна, різьблення й декор",153000
Меморіальний комплекс,Корнинський,granite,grey,1000x600x80,Збільшений,"Елітна, скульптура й позолота",191000
Меморіальний комплекс,Корнинський,granite,grey,1200x600x80,Преміум,"Проста форма, гравіювання напису",92000
Меморіальний комплекс,Корнинський,granite,grey,1200x600x80,Преміум,"Базова, портрет і напис",112000
Меморіальний комплекс,Корнинський,granite,grey,1200x600x80,Преміум,"Стандартна, портрет і орнамент",131500
Меморіальний комплекс,Корнинський,granite,grey,1200x600x80,Преміум,"Складна, різьблення й декор",158000
Меморіальний комплекс,Корнинський,granite,grey,1200x600x80,Преміум,"Елітна, скульптура й позолота",197500
Меморіальний комплекс,Капустинський,granite,red,800x450x80,Економ,"Проста форма, гравіювання напису",83500
Меморіальний комплекс,Капустинський,granite,red,800x450x80,Економ,"Базова, портрет і напис",101500
Меморіальний комплекс,Капустинський,granite,red,800x450x80,Економ,"Стандартна, портрет і орнамент",119500
Меморіальний комплекс,Капустинський,granite,red,800x450x80,Економ,"Складна, різьблення й декор",143500
Меморіальний комплекс,Капустинський,granite,red,800x450x80,Економ,"Елітна, скульптура й позолота",179000
Меморіальний комплекс,Капустинський,granite,red,1000x500x80,Стандарт,"Проста форма, гравіювання напису",87000
Меморіальний комплекс,Капустинський,granite,red,1000x500x80,Стандарт,"Базова, портрет і напис",106000
Меморіальний комплекс,Капустинський,granite,red,1000x500x80,Стандарт,"Стандартна, портрет і орнамент",124500
Меморіальний комплекс,Капустинський,granite,red,1000x500x80,Стандарт,"Складна, різьблення й декор",149500
Меморіальний комплекс,Капустинський,granite,red,1000x500x80,Стандарт,"Елітна, скульптура й позолота",187000
Меморіальний комплекс,Капустинський,granite,red,1000x600x80,Збільшений,"Проста форма, гравіювання напису",90000
Меморіальний комплекс,Капустинський,granite,red,1000x600x80,Збільшений,"Базова, портрет і напис",109000
Меморіальний комплекс,Капустинський,granite,red,1000x600x80,Збільшений,"Стандартна, портрет і орнамент",128500
Меморіальний комплекс,Капустинський,granite,red,1000x600x80,Збільшений,"Складна, різьблення й декор",154000
Меморіальний комплекс,Капустинський,granite,red,1000x600x80,Збільшений,"Елітна, скульптура й позолота",192500
Меморіальний комплекс,Капустинський,granite,red,1200x600x80,Преміум,"Проста форма, гравіювання напису",93000
Меморіальний комплекс,Капустинський,granite,red,1200x600x80,Преміум,"Базова, портрет і напис",113000
Меморіальний комплекс,Капустинський,granite,red,1200x600x80,Преміум,"Стандартна, портрет і орнамент",132500
Меморіальний комплекс,Капустинський,granite,red,1200x600x80,Преміум,"Складна, різьблення й декор",159500
Меморіальний комплекс,Капустинський,granite,red,1200x600x80,Преміум,"Елітна, скульптура й позолота",199000
Меморіальний комплекс,Танський,granite,grey,800x450x80,Економ,"Проста форма, гравіювання напису",83500
Меморіальний комплекс,Танський,granite,grey,800x450x80,Економ,"Базова, портрет і напис",101500
Меморіальний комплекс,Танський,granite,grey,800x450x80,Економ,"Стандартна, портрет і орнамент",119500
Меморіальний комплекс,Танський,granite,grey,800x450x80,Економ,"Складна, різьблення й декор",143500
Меморіальний комплекс,Танський,granite,grey,800x450x80,Економ,"Елітна, скульптура й позолота",179500
Меморіальний комплекс,Танський,granite,grey,1000x500x80,Стандарт,"Проста форма, гравіювання напису",87500
Меморіальний комплекс,Танський,granite,grey,1000x500x80,Стандарт,"Базова, портрет і напис",106000
Меморіальний комплекс,Танський,granite,grey,1000x500x80,Стандарт,"Стандартна, портрет і орнамент",125000
Меморіальний комплекс,Танський,granite,grey,1000x500x80,Стандарт,"Складна, різьблення й декор",150000
Меморіальний комплекс,Танський,granite,grey,1000x500x80,Стандарт,"Елітна, скульптура й позолота",187000
Меморіальний комплекс,Танський,granite,grey,1000x600x80,Збільшений,"Проста форма, гравіювання напису",90000
Меморіальний комплекс,Танський,granite,grey,1000x600x80,Збільшений,"Базова, портрет і напис",109000
Меморіальний комплекс,Танський,granite,grey,1000x600x80,Збільшений,"Стандартна, портрет і орнамент",128500
Меморіальний комплекс,Танський,granite,grey,1000x600x80,Збільшений,"Складна, різьблення й декор",154000
Меморіальний комплекс,Танський,granite,grey,1000x600x80,Збільшений,"Елітна, скульптура й позолота",193000
Меморіальний комплекс,Танський,granite,grey,1200x600x80,Преміум,"Проста форма, гравіювання напису",93000
Меморіальний комплекс,Танський,granite,grey,1200x600x80,Преміум,"Базова, портрет і напис",113000
Меморіальний комплекс,Танський,granite,grey,1200x600x80,Преміум,"Стандартна, портрет і орнамент",133000
Меморіальний комплекс,Танський,granite,grey,1200x600x80,Преміум,"Складна, різьблення й декор",159500
Меморіальний комплекс,Танський,granite,grey,1200x600x80,Преміум,"Елітна, скульптура й позолота",199500
Меморіальний комплекс,Софіївський,granite,grey,800x450x80,Економ,"Проста форма, гравіювання напису",84000
Меморіальний комплекс,Софіївський,granite,grey,800x450x80,Економ,"Базова, портрет і напис",102000
Меморіальний комплекс,Софіївський,granite,grey,800x450x80,Економ,"Стандартна, портрет і орнамент",120000
Меморіальний комплекс,Софіївський,granite,grey,800x450x80,Економ,"Складна, різьблення й декор",143500
Меморіальний комплекс,Софіївський,granite,grey,800x450x80,Економ,"Елітна, скульптура й позолота",179500
Меморіальний комплекс,Софіївський,granite,grey,1000x500x80,Стандарт,"Проста форма, гравіювання напису",87500
Меморіальний комплекс,Софіївський,granite,grey,1000x500x80,Стандарт,"Базова, портрет і напис",106000
Меморіальний комплекс,Софіївський,granite,grey,1000x500x80,Стандарт,"Стандартна, портрет і орнамент",125000
Меморіальний комплекс,Софіївський,granite,grey,1000x500x80,Стандарт,"Складна, різьблення й декор",150000
Меморіальний комплекс,Софіївський,granite,grey,1000x500x80,Стандарт,"Елітна, скульптура й позолота",187500
Меморіальний комплекс,Софіївський,granite,grey,1000x600x80,Збільшений,"Проста форма, гравіювання напису",90000
Меморіальний комплекс,Софіївський,granite,grey,1000x600x80,Збільшений,"Базова, портрет і напис",109500
Меморіальний комплекс,Софіївський,granite,grey,1000x600x80,Збільшений,"Стандартна, портрет і орнамент",129000
Меморіальний комплекс,Софіївський,granite,grey,1000x600x80,Збільшений,"Складна, різьблення й декор",154500
Меморіальний комплекс,Софіївський,granite,grey,1000x600x80,Збільшений,"Елітна, скульптура й позолота",193000
Меморіальний комплекс,Софіївський,granite,grey,1200x600x80,Преміум,"Проста форма, гравіювання напису",93500
Меморіальний комплекс,Софіївський,granite,grey,1200x600x80,Преміум,"Базова, портрет і напис",113500
Меморіальний комплекс,Софіївський,granite,grey,1200x600x80,Преміум,"Стандартна, портрет і орнамент",133000
Меморіальний комплекс,Софіївський,granite,grey,1200x600x80,Преміум,"Складна, різьблення й декор",160000
Меморіальний комплекс,Софіївський,granite,grey,1200x600x80,Преміум,"Елітна, скульптура й позолота",200000
Меморіальний комплекс,Межиріченський,granite,red,800x450x80,Економ,"Проста форма, гравіювання напису",84000
Меморіальний комплекс,Межиріченський,granite,red,800x450x80,Економ,"Базова, портрет і напис",102000
Меморіальний комплекс,Межиріченський,granite,red,800x450x80,Економ,"Стандартна, портрет і орнамент",120000
Меморіальний комплекс,Межиріченський,granite,red,800x450x80,Економ,"Складна, різьблення й декор",144000
Меморіальний комплекс,Межиріченський,granite,red,800x450x80,Економ,"Елітна, скульптура й позолота",180000
Меморіальний комплекс,Межиріченський,granite,red,1000x500x80,Стандарт,"Проста форма, гравіювання напису",88000
Меморіальний комплекс,Межиріченський,granite,red,1000x500x80,Стандарт,"Базова, портрет і напис",106500
Меморіальний комплекс,Межиріченський,granite,red,1000x500x80,Стандарт,"Стандартна, портрет і орнамент",125500
Меморіальний комплекс,Межиріченський,granite,red,1000x500x80,Стандарт,"Складна, різьблення й декор",150500
Меморіальний комплекс,Межиріченський,granite,red,1000x500x80,Стандарт,"Елітна, скульптура й позолота",188000
Меморіальний комплекс,Межиріченський,granite,red,1000x600x80,Збільшений,"Проста форма, гравіювання напису",90500
Меморіальний комплекс,Межиріченський,granite,red,1000x600x80,Збільшений,"Базова, портрет і напис",110000
Меморіальний комплекс,Межиріченський,granite,red,1000x600x80,Збільшений,"Стандартна, портрет і орнамент",129000
Меморіальний комплекс,Межиріченський,granite,red,1000x600x80,Збільшений,"Складна, різьблення й декор",155000
Меморіальний комплекс,Межиріченський,granite,red,1000x600x80,Збільшений,"Елітна, скульптура й позолота",194000
Меморіальний комплекс,Межиріченський,granite,red,1200x600x80,Преміум,"Проста форма, гравіювання напису",93500
Меморіальний комплекс,Межиріченський,granite,red,1200x600x80,Преміум,"Базова, портрет і напис",113500
Меморіальний комплекс,Межиріченський,granite,red,1200x600x80,Преміум,"Стандартна, портрет і орнамент",134000
Меморіальний комплекс,Межиріченський,granite,red,1200x600x80,Преміум,"Складна, різьблення й декор",160500
Меморіальний комплекс,Межиріченський,granite,red,1200x600x80,Преміум,"Елітна, скульптура й позолота",200500
Меморіальний комплекс,Лабрадорит (Горбулівський),labradorite,black,800x450x80,Економ,"Проста форма, гравіювання напису",84000
Меморіальний комплекс,Лабрадорит (Горбулівський),labradorite,black,800x450x80,Економ,"Базова, портрет і напис",102000
Меморіальний комплекс,Лабрадорит (Горбулівський),labradorite,black,800x450x80,Економ,"Стандартна, портрет і орнамент",120000
Меморіальний комплекс,Лабрадорит (Горбулівський),labradorite,black,800x450x80,Економ,"Складна, різьблення й декор",144000
Меморіальний комплекс,Лабрадорит (Горбулівський),labradorite,black,800x450x80,Економ,"Елітна, скульптура й позолота",180000
Меморіальний комплекс,Лабрадорит (Горбулівський),labradorite,black,1000x500x80,Стандарт,"Проста форма, гравіювання напису",88000
Меморіальний комплекс,Лабрадорит (Горбулівський),labradorite,black,1000x500x80,Стандарт,"Базова, портрет і напис",106500
Меморіальний комплекс,Лабрадорит (Горбулівський),labradorite,black,1000x500x80,Стандарт,"Стандартна, портрет і орнамент",125500
Меморіальний комплекс,Лабрадорит (Горбулівський),labradorite,black,1000x500x80,Стандарт,"Складна, різьблення й декор",150500
Меморіальний комплекс,Лабрадорит (Горбулівський),labradorite,black,1000x500x80,Стандарт,"Елітна, скульптура й позолота",188500
Меморіальний комплекс,Лабрадорит (Горбулівський),labradorite,black,1000x600x80,Збільшений,"Проста форма, гравіювання напису",90500
Меморіальний комплекс,Лабрадорит (Горбулівський),labradorite,black,1000x600x80,Збільшений,"Базова, портрет і напис",110000
Меморіальний комплекс,Лабрадорит (Горбулівський),labradorite,black,1000x600x80,Збільшений,"Стандартна, портрет і орнамент",129500
Меморіальний комплекс,Лабрадорит (Горбулівський),labradorite,black,1000x600x80,Збільшений,"Складна, різьблення й декор",155500
Меморіальний комплекс,Лабрадорит (Горбулівський),labradorite,black,1000x600x80,Збільшений,"Елітна, скульптура й позолота",194000
Меморіальний комплекс,Лабрадорит (Горбулівський),labradorite,black,1200x600x80,Преміум,"Проста форма, гравіювання напису",94000
Меморіальний комплекс,Лабрадорит (Горбулівський),labradorite,black,1200x600x80,Преміум,"Базова, портрет і напис",114000
Меморіальний комплекс,Лабрадорит (Горбулівський),labradorite,black,1200x600x80,Преміум,"Стандартна, портрет і орнамент",134000
Меморіальний комплекс,Лабрадорит (Горбулівський),labradorite,black,1200x600x80,Преміум,"Складна, різьблення й декор",161000
Меморіальний комплекс,Лабрадорит (Горбулівський),labradorite,black,1200x600x80,Преміум,"Елітна, скульптура й позолота",201000
Меморіальний комплекс,Габро (Букинське),gabbro,black,800x450x80,Економ,"Проста форма, гравіювання напису",84000
Меморіальний комплекс,Габро (Букинське),gabbro,black,800x450x80,Економ,"Базова, портрет і напис",102000
Меморіальний комплекс,Габро (Букинське),gabbro,black,800x450x80,Економ,"Стандартна, портрет і орнамент",120500
Меморіальний комплекс,Габро (Букинське),gabbro,black,800x450x80,Економ,"Складна, різьблення й декор",144500
Меморіальний комплекс,Габро (Букинське),gabbro,black,800x450x80,Економ,"Елітна, скульптура й позолота",180500
Меморіальний комплекс,Габро (Букинське),gabbro,black,1000x500x80,Стандарт,"Проста форма, гравіювання напису",88000
Меморіальний комплекс,Габро (Букинське),gabbro,black,1000x500x80,Стандарт,"Базова, портрет і напис",107000
Меморіальний комплекс,Габро (Букинське),gabbro,black,1000x500x80,Стандарт,"Стандартна, портрет і орнамент",126000
Меморіальний комплекс,Габро (Букинське),gabbro,black,1000x500x80,Стандарт,"Складна, різьблення й декор",151000
Меморіальний комплекс,Габро (Букинське),gabbro,black,1000x500x80,Стандарт,"Елітна, скульптура й позолота",188500
Меморіальний комплекс,Габро (Букинське),gabbro,black,1000x600x80,Збільшений,"Проста форма, гравіювання напису",91000
Меморіальний комплекс,Габро (Букинське),gabbro,black,1000x600x80,Збільшений,"Базова, портрет і напис",110000
Меморіальний комплекс,Габро (Букинське),gabbro,black,1000x600x80,Збільшений,"Стандартна, портрет і орнамент",129500
Меморіальний комплекс,Габро (Букинське),gabbro,black,1000x600x80,Збільшений,"Складна, різьблення й декор",155500
Меморіальний комплекс,Габро (Букинське),gabbro,black,1000x600x80,Збільшений,"Елітна, скульптура й позолота",194500
Меморіальний комплекс,Габро (Букинське),gabbro,black,1200x600x80,Преміум,"Проста форма, гравіювання напису",94000
Меморіальний комплекс,Габро (Букинське),gabbro,black,1200x600x80,Преміум,"Базова, портрет і напис",114000
Меморіальний комплекс,Габро (Букинське),gabbro,black,1200x600x80,Преміум,"Стандартна, портрет і орнамент",134500
Меморіальний комплекс,Габро (Букинське),gabbro,black,1200x600x80,Преміум,"Складна, різьблення й декор",161000
Меморіальний комплекс,Габро (Букинське),gabbro,black,1200x600x80,Преміум,"Елітна, скульптура й позолота",201500
Меморіальний комплекс,Дідковицький,granite,green,800x450x80,Економ,"Проста форма, гравіювання напису",84500
Меморіальний комплекс,Дідковицький,granite,green,800x450x80,Економ,"Базова, портрет і напис",102500
Меморіальний комплекс,Дідковицький,granite,green,800x450x80,Економ,"Стандартна, портрет і орнамент",121000
Меморіальний комплекс,Дідковицький,granite,green,800x450x80,Економ,"Складна, різьблення й декор",145000
Меморіальний комплекс,Дідковицький,granite,green,800x450x80,Економ,"Елітна, скульптура й позолота",181000
Меморіальний комплекс,Дідковицький,granite,green,1000x500x80,Стандарт,"Проста форма, гравіювання напису",88500
Меморіальний комплекс,Дідковицький,granite,green,1000x500x80,Стандарт,"Базова, портрет і напис",107500
Меморіальний комплекс,Дідковицький,granite,green,1000x500x80,Стандарт,"Стандартна, портрет і орнамент",126500
Меморіальний комплекс,Дідковицький,granite,green,1000x500x80,Стандарт,"Складна, різьблення й декор",152000
Меморіальний комплекс,Дідковицький,granite,green,1000x500x80,Стандарт,"Елітна, скульптура й позолота",190000
Меморіальний комплекс,Дідковицький,granite,green,1000x600x80,Збільшений,"Проста форма, гравіювання напису",91500
Меморіальний комплекс,Дідковицький,granite,green,1000x600x80,Збільшений,"Базова, портрет і напис",111000
Меморіальний комплекс,Дідковицький,granite,green,1000x600x80,Збільшений,"Стандартна, портрет і орнамент",130500
Меморіальний комплекс,Дідковицький,granite,green,1000x600x80,Збільшений,"Складна, різьблення й декор",156500
Меморіальний комплекс,Дідковицький,granite,green,1000x600x80,Збільшений,"Елітна, скульптура й позолота",196000
Меморіальний комплекс,Дідковицький,granite,green,1200x600x80,Преміум,"Проста форма, гравіювання напису",95000
Меморіальний комплекс,Дідковицький,granite,green,1200x600x80,Преміум,"Базова, портрет і напис",115000
Меморіальний комплекс,Дідковицький,granite,green,1200x600x80,Преміум,"Стандартна, портрет і орнамент",135500
Меморіальний комплекс,Дідковицький,granite,green,1200x600x80,Преміум,"Складна, різьблення й декор",162500
Меморіальний комплекс,Дідковицький,granite,green,1200x600x80,Преміум,"Елітна, скульптура й позолота",203000
Меморіальний комплекс,Токівський,granite,brown,800x450x80,Економ,"Проста форма, гравіювання напису",85000
Меморіальний комплекс,Токівський,granite,brown,800x450x80,Економ,"Базова, портрет і напис",103500
Меморіальний комплекс,Токівський,granite,brown,800x450x80,Економ,"Стандартна, портрет і орнамент",122000
Меморіальний комплекс,Токівський,granite,brown,800x450x80,Економ,"Складна, різьблення й декор",146000
Меморіальний комплекс,Токівський,granite,brown,800x450x80,Економ,"Елітна, скульптура й позолота",182500
Меморіальний комплекс,Токівський,granite,brown,1000x500x80,Стандарт,"Проста форма, гравіювання напису",89500
Меморіальний комплекс,Токівський,granite,brown,1000x500x80,Стандарт,"Базова, портрет і напис",108500
Меморіальний комплекс,Токівський,granite,brown,1000x500x80,Стандарт,"Стандартна, портрет і орнамент",128000
Меморіальний комплекс,Токівський,granite,brown,1000x500x80,Стандарт,"Складна, різьблення й декор",153500
Меморіальний комплекс,Токівський,granite,brown,1000x500x80,Стандарт,"Елітна, скульптура й позолота",191500
Меморіальний комплекс,Токівський,granite,brown,1000x600x80,Збільшений,"Проста форма, гравіювання напису",92500
Меморіальний комплекс,Токівський,granite,brown,1000x600x80,Збільшений,"Базова, портрет і напис",112500
Меморіальний комплекс,Токівський,granite,brown,1000x600x80,Збільшений,"Стандартна, портрет і орнамент",132000
Меморіальний комплекс,Токівський,granite,brown,1000x600x80,Збільшений,"Складна, різьблення й декор",158500
Меморіальний комплекс,Токівський,granite,brown,1000x600x80,Збільшений,"Елітна, скульптура й позолота",198000
Меморіальний комплекс,Токівський,granite,brown,1200x600x80,Преміум,"Проста форма, гравіювання напису",96000
Меморіальний комплекс,Токівський,granite,brown,1200x600x80,Преміум,"Базова, портрет і напис",116500
Меморіальний комплекс,Токівський,granite,brown,1200x600x80,Преміум,"Стандартна, портрет і орнамент",137500
Меморіальний комплекс,Токівський,granite,brown,1200x600x80,Преміум,"Складна, різьблення й декор",165000
Меморіальний комплекс,Токівський,granite,brown,1200x600x80,Преміум,"Елітна, скульптура й позолота",206000
Меморіальний комплекс,Берестовецький,granite,black,800x450x80,Економ,"Проста форма, гравіювання напису",85500
Меморіальний комплекс,Берестовецький,granite,black,800x450x80,Економ,"Базова, портрет і напис",104000
Меморіальний комплекс,Берестовецький,granite,black,800x450x80,Економ,"Стандартна, портрет і орнамент",122000
Меморіальний комплекс,Берестовецький,granite,black,800x450x80,Економ,"Складна, різьблення й декор",146500
Меморіальний комплекс,Берестовецький,granite,black,800x450x80,Економ,"Елітна, скульптура й позолота",183500
Меморіальний комплекс,Берестовецький,granite,black,1000x500x80,Стандарт,"Проста форма, гравіювання напису",90000
Меморіальний комплекс,Берестовецький,granite,black,1000x500x80,Стандарт,"Базова, портрет і напис",109000
Меморіальний комплекс,Берестовецький,granite,black,1000x500x80,Стандарт,"Стандартна, портрет і орнамент",128500
Меморіальний комплекс,Берестовецький,granite,black,1000x500x80,Стандарт,"Складна, різьблення й декор",154000
Меморіальний комплекс,Берестовецький,granite,black,1000x500x80,Стандарт,"Елітна, скульптура й позолота",192500
Меморіальний комплекс,Берестовецький,granite,black,1000x600x80,Збільшений,"Проста форма, гравіювання напису",93000
Меморіальний комплекс,Берестовецький,granite,black,1000x600x80,Збільшений,"Базова, портрет і напис",113000
Меморіальний комплекс,Берестовецький,granite,black,1000x600x80,Збільшений,"Стандартна, портрет і орнамент",133000
Меморіальний комплекс,Берестовецький,granite,black,1000x600x80,Збільшений,"Складна, різьблення й декор",159500
Меморіальний комплекс,Берестовецький,granite,black,1000x600x80,Збільшений,"Елітна, скульптура й позолота",199000
Меморіальний комплекс,Берестовецький,granite,black,1200x600x80,Преміум,"Проста форма, гравіювання напису",96500
Меморіальний комплекс,Берестовецький,granite,black,1200x600x80,Преміум,"Базова, портрет і напис",117500
Меморіальний комплекс,Берестовецький,granite,black,1200x600x80,Преміум,"Стандартна, портрет і орнамент",138000
Меморіальний комплекс,Берестовецький,granite,black,1200x600x80,Преміум,"Складна, різьблення й декор",165500
Меморіальний комплекс,Берестовецький,granite,black,1200x600x80,Преміум,"Елітна, скульптура й позолота",207000
Меморіальний комплекс,Маславський,granite,green,800x450x80,Економ,"Проста форма, гравіювання напису",86500
Меморіальний комплекс,Маславський,granite,green,800x450x80,Економ,"Базова, портрет і напис",105000
Меморіальний комплекс,Маславський,granite,green,800x450x80,Економ,"Стандартна, портрет і орнамент",123500
Меморіальний комплекс,Маславський,granite,green,800x450x80,Економ,"Складна, різьблення й декор",148000
Меморіальний комплекс,Маславський,granite,green,800x450x80,Економ,"Елітна, скульптура й позолота",185500
Меморіальний комплекс,Маславський,granite,green,1000x500x80,Стандарт,"Проста форма, гравіювання напису",91000
Меморіальний комплекс,Маславський,granite,green,1000x500x80,Стандарт,"Базова, портрет і напис",110500
Меморіальний комплекс,Маславський,granite,green,1000x500x80,Стандарт,"Стандартна, портрет і орнамент",130000
Меморіальний комплекс,Маславський,granite,green,1000x500x80,Стандарт,"Складна, різьблення й декор",156500
Меморіальний комплекс,Маславський,granite,green,1000x500x80,Стандарт,"Елітна, скульптура й позолота",195500
Меморіальний комплекс,Маславський,granite,green,1000x600x80,Збільшений,"Проста форма, гравіювання напису",94500
Меморіальний комплекс,Маславський,granite,green,1000x600x80,Збільшений,"Базова, портрет і напис",115000
Меморіальний комплекс,Маславський,granite,green,1000x600x80,Збільшений,"Стандартна, портрет і орнамент",135000
Меморіальний комплекс,Маславський,granite,green,1000x600x80,Збільшений,"Складна, різьблення й декор",162000
Меморіальний комплекс,Маславський,granite,green,1000x600x80,Збільшений,"Елітна, скульптура й позолота",202500
Меморіальний комплекс,Маславський,granite,green,1200x600x80,Преміум,"Проста форма, гравіювання напису",98500
Меморіальний комплекс,Маславський,granite,green,1200x600x80,Преміум,"Базова, портрет і напис",119500
Меморіальний комплекс,Маславський,granite,green,1200x600x80,Преміум,"Стандартна, портрет і орнамент",141000
Меморіальний комплекс,Маславський,granite,green,1200x600x80,Преміум,"Складна, різьблення й декор",169000
Меморіальний комплекс,Маславський,granite,green,1200x600x80,Преміум,"Елітна, скульптура й позолота",211000
Меморіальний комплекс,Лезниківський,granite,red,800x450x80,Економ,"Проста форма, гравіювання напису",85000
Меморіальний комплекс,Лезниківський,granite,red,800x450x80,Економ,"Базова, портрет і напис",103000
Меморіальний комплекс,Лезниківський,granite,red,800x450x80,Економ,"Стандартна, портрет і орнамент",121000
Меморіальний комплекс,Лезниківський,granite,red,800x450x80,Економ,"Складна, різьблення й декор",145500
Меморіальний комплекс,Лезниківський,granite,red,800x450x80,Економ,"Елітна, скульптура й позолота",181500
Меморіальний комплекс,Лезниківський,granite,red,1000x500x80,Стандарт,"Проста форма, гравіювання напису",89000
Меморіальний комплекс,Лезниківський,granite,red,1000x500x80,Стандарт,"Базова, портрет і напис",108000
Меморіальний комплекс,Лезниківський,granite,red,1000x500x80,Стандарт,"Стандартна, портрет і орнамент",127000
Меморіальний комплекс,Лезниківський,granite,red,1000x500x80,Стандарт,"Складна, різьблення й декор",152000
Меморіальний комплекс,Лезниківський,granite,red,1000x500x80,Стандарт,"Елітна, скульптура й позолота",190500
Меморіальний комплекс,Лезниківський,granite,red,1000x600x80,Збільшений,"Проста форма, гравіювання напису",91500
Меморіальний комплекс,Лезниківський,granite,red,1000x600x80,Збільшений,"Базова, портрет і напис",111500
Меморіальний комплекс,Лезниківський,granite,red,1000x600x80,Збільшений,"Стандартна, портрет і орнамент",131000
Меморіальний комплекс,Лезниківський,granite,red,1000x600x80,Збільшений,"Складна, різьблення й декор",157000
Меморіальний комплекс,Лезниківський,granite,red,1000x600x80,Збільшений,"Елітна, скульптура й позолота",196500
Меморіальний комплекс,Лезниківський,granite,red,1200x600x80,Преміум,"Проста форма, гравіювання напису",95000
Меморіальний комплекс,Лезниківський,granite,red,1200x600x80,Преміум,"Базова, портрет і напис",115500
Меморіальний комплекс,Лезниківський,granite,red,1200x600x80,Преміум,"Стандартна, портрет і орнамент",136000
Меморіальний комплекс,Лезниківський,granite,red,1200x600x80,Преміум,"Складна, різьблення й декор",163000
Меморіальний комплекс,Лезниківський,granite,red,1200x600x80,Преміум,"Елітна, скульптура й позолота",204000
Меморіальний комплекс,Мармур білий,marble,white,800x450x80,Економ,"Проста форма, гравіювання напису",87000
Меморіальний комплекс,Мармур білий,marble,white,800x450x80,Економ,"Базова, портрет і напис",106000
Меморіальний комплекс,Мармур білий,marble,white,800x450x80,Економ,"Стандартна, портрет і орнамент",124500
Меморіальний комплекс,Мармур білий,marble,white,800x450x80,Економ,"Складна, різьблення й декор",149500
Меморіальний комплекс,Мармур білий,marble,white,800x450x80,Економ,"Елітна, скульптура й позолота",186500
Меморіальний комплекс,Мармур білий,marble,white,1000x500x80,Стандарт,"Проста форма, гравіювання напису",92000
Меморіальний комплекс,Мармур білий,marble,white,1000x500x80,Стандарт,"Базова, портрет і напис",112000
Меморіальний комплекс,Мармур білий,marble,white,1000x500x80,Стандарт,"Стандартна, портрет і орнамент",131500
Меморіальний комплекс,Мармур білий,marble,white,1000x500x80,Стандарт,"Складна, різьблення й декор",158000
Меморіальний комплекс,Мармур білий,marble,white,1000x500x80,Стандарт,"Елітна, скульптура й позолота",197500
Меморіальний комплекс,Мармур білий,marble,white,1000x600x80,Збільшений,"Проста форма, гравіювання напису",95500
Меморіальний комплекс,Мармур білий,marble,white,1000x600x80,Збільшений,"Базова, портрет і напис",116000
Меморіальний комплекс,Мармур білий,marble,white,1000x600x80,Збільшений,"Стандартна, портрет і орнамент",136500
Меморіальний комплекс,Мармур білий,marble,white,1000x600x80,Збільшений,"Складна, різьблення й декор",164000
Меморіальний комплекс,Мармур білий,marble,white,1000x600x80,Збільшений,"Елітна, скульптура й позолота",205000
Меморіальний комплекс,Мармур білий,marble,white,1200x600x80,Преміум,"Проста форма, гравіювання напису",100000
Меморіальний комплекс,Мармур білий,marble,white,1200x600x80,Преміум,"Базова, портрет і напис",121500
Меморіальний комплекс,Мармур білий,marble,white,1200x600x80,Преміум,"Стандартна, портрет і орнамент",142500
Меморіальний комплекс,Мармур білий,marble,white,1200x600x80,Преміум,"Складна, різьблення й декор",171000
Меморіальний комплекс,Мармур білий,marble,white,1200x600x80,Преміум,"Елітна, скульптура й позолота",214000
Військовий пам'ятник,Покостівський,granite,grey,800x450x80,Економ,"Проста форма, гравіювання напису",127000
Військовий пам'ятник,Покостівський,granite,grey,800x450x80,Економ,"Базова, портрет і напис",154500
Військовий пам'ятник,Покостівський,granite,grey,800x450x80,Економ,"Стандартна, портрет і орнамент",181500
Військовий пам'ятник,Покостівський,granite,grey,800x450x80,Економ,"Складна, різьблення й декор",218000
Військовий пам'ятник,Покостівський,granite,grey,800x450x80,Економ,"Елітна, скульптура й позолота",272500
Військовий пам'ятник,Покостівський,granite,grey,1000x500x80,Стандарт,"Проста форма, гравіювання напису",131000
Військовий пам'ятник,Покостівський,granite,grey,1000x500x80,Стандарт,"Базова, портрет і напис",159500
Військовий пам'ятник,Покостівський,granite,grey,1000x500x80,Стандарт,"Стандартна, портрет і орнамент",187500
Військовий пам'ятник,Покостівський,granite,grey,1000x500x80,Стандарт,"Складна, різьблення й декор",225000
Військовий пам'ятник,Покостівський,granite,grey,1000x500x80,Стандарт,"Елітна, скульптура й позолота",281000
Військовий пам'ятник,Покостівський,granite,grey,1000x600x80,Збільшений,"Проста форма, гравіювання напису",134000
Військовий пам'ятник,Покостівський,granite,grey,1000x600x80,Збільшений,"Базова, портрет і напис",163000
Військовий пам'ятник,Покостівський,granite,grey,1000x600x80,Збільшений,"Стандартна, портрет і орнамент",191500
Військовий пам'ятник,Покостівський,granite,grey,1000x600x80,Збільшений,"Складна, різьблення й декор",230000
Військовий пам'ятник,Покостівський,granite,grey,1000x600x80,Збільшений,"Елітна, скульптура й позолота",287500
Військовий пам'ятник,Покостівський,granite,grey,1200x600x80,Преміум,"Проста форма, гравіювання напису",137500
Військовий пам'ятник,Покостівський,granite,grey,1200x600x80,Преміум,"Базова, портрет і напис",167000
Військовий пам'ятник,Покостівський,granite,grey,1200x600x80,Преміум,"Стандартна, портрет і орнамент",196500
Військовий пам'ятник,Покостівський,granite,grey,1200x600x80,Преміум,"Складна, різьблення й декор",236000
Військовий пам'ятник,Покостівський,granite,grey,1200x600x80,Преміум,"Елітна, скульптура й позолота",295000
Військовий пам'ятник,Габро (Головинське),gabbro,black,800x450x80,Економ,"Проста форма, гравіювання напису",128500
Військовий пам'ятник,Габро (Головинське),gabbro,black,800x450x80,Економ,"Базова, портрет і напис",155500
Військовий пам'ятник,Габро (Головинське),gabbro,black,800x450x80,Економ,"Стандартна, портрет і орнамент",183000
Військовий пам'ятник,Габро (Головинське),gabbro,black,800x450x80,Економ,"Складна, різьблення й декор",220000
Військовий пам'ятник,Габро (Головинське),gabbro,black,800x450x80,Економ,"Елітна, скульптура й позолота",275000
Військовий пам'ятник,Габро (Головинське),gabbro,black,1000x500x80,Стандарт,"Проста форма, гравіювання напису",133000
Військовий пам'ятник,Габро (Головинське),gabbro,black,1000x500x80,Стандарт,"Базова, портрет і напис",161500
Військовий пам'ятник,Габро (Головинське),gabbro,black,1000x500x80,Стандарт,"Стандартна, портрет і орнамент",190000
Військовий пам'ятник,Габро (Головинське),gabbro,black,1000x500x80,Стандарт,"Складна, різьблення й декор",228000
Військовий пам'ятник,Габро (Головинське),gabbro,black,1000x500x80,Стандарт,"Елітна, скульптура й позолота",284500
Військовий пам'ятник,Габро (Головинське),gabbro,black,1000x600x80,Збільшений,"Проста форма, гравіювання напису",136000
Військовий пам'ятник,Габро (Головинське),gabbro,black,1000x600x80,Збільшений,"Базова, портрет і напис",165500
Військовий пам'ятник,Габро (Головинське),gabbro,black,1000x600x80,Збільшений,"Стандартна, портрет і орнамент",194500
Військовий пам'ятник,Габро (Головинське),gabbro,black,1000x600x80,Збільшений,"Складна, різьблення й декор",233500
Військовий пам'ятник,Габро (Головинське),gabbro,black,1000x600x80,Збільшений,"Елітна, скульптура й позолота",291500
Військовий пам'ятник,Габро (Головинське),gabbro,black,1200x600x80,Преміум,"Проста форма, гравіювання напису",140000
Військовий пам'ятник,Габро (Головинське),gabbro,black,1200x600x80,Преміум,"Базова, портрет і напис",170000
Військовий пам'ятник,Габро (Головинське),gabbro,black,1200x600x80,Преміум,"Стандартна, портрет і орнамент",200000
Військовий пам'ятник,Габро (Головинське),gabbro,black,1200x600x80,Преміум,"Складна, різьблення й декор",240000
Військовий пам'ятник,Габро (Головинське),gabbro,black,1200x600x80,Преміум,"Елітна, скульптура й позолота",300000
Військовий пам'ятник,Лабрадорит (Добринський),labradorite,black,800x450x80,Економ,"Проста форма, гравіювання напису",130000
Військовий пам'ятник,Лабрадорит (Добринський),labradorite,black,800x450x80,Економ,"Базова, портрет і напис",158000
Військовий пам'ятник,Лабрадорит (Добринський),labradorite,black,800x450x80,Економ,"Стандартна, портрет і орнамент",186000
Військовий пам'ятник,Лабрадорит (Добринський),labradorite,black,800x450x80,Економ,"Складна, різьблення й декор",223000
Військовий пам'ятник,Лабрадорит (Добринський),labradorite,black,800x450x80,Економ,"Елітна, скульптура й позолота",278500
Військовий пам'ятник,Лабрадорит (Добринський),labradorite,black,1000x500x80,Стандарт,"Проста форма, гравіювання напису",135500
Військовий пам'ятник,Лабрадорит (Добринський),labradorite,black,1000x500x80,Стандарт,"Базова, портрет і напис",164500
Військовий пам'ятник,Лабрадорит (Добринський),labradorite,black,1000x500x80,Стандарт,"Стандартна, портрет і орнамент",193500
Військовий пам'ятник,Лабрадорит (Добринський),labradorite,black,1000x500x80,Стандарт,"Складна, різьблення й декор",232000
Військовий пам'ятник,Лабрадорит (Добринський),labradorite,black,1000x500x80,Стандарт,"Елітна, скульптура й позолота",290000
Військовий пам'ятник,Лабрадорит (Добринський),labradorite,black,1000x600x80,Збільшений,"Проста форма, гравіювання напису",139000
Військовий пам'ятник,Лабрадорит (Добринський),labradorite,black,1000x600x80,Збільшений,"Базова, портрет і напис",169000
Військовий пам'ятник,Лабрадорит (Добринський),labradorite,black,1000x600x80,Збільшений,"Стандартна, портрет і орнамент",198500
Військовий пам'ятник,Лабрадорит (Добринський),labradorite,black,1000x600x80,Збільшений,"Складна, різьблення й декор",238500
Військовий пам'ятник,Лабрадорит (Добринський),labradorite,black,1000x600x80,Збільшений,"Елітна, скульптура й позолота",298000
Військовий пам'ятник,Лабрадорит (Добринський),labradorite,black,1200x600x80,Преміум,"Проста форма, гравіювання напису",143500
Військовий пам'ятник,Лабрадорит (Добринський),labradorite,black,1200x600x80,Преміум,"Базова, портрет і напис",174500
Військовий пам'ятник,Лабрадорит (Добринський),labradorite,black,1200x600x80,Преміум,"Стандартна, портрет і орнамент",205000
Військовий пам'ятник,Лабрадорит (Добринський),labradorite,black,1200x600x80,Преміум,"Складна, різьблення й декор",246000
Військовий пам'ятник,Лабрадорит (Добринський),labradorite,black,1200x600x80,Преміум,"Елітна, скульптура й позолота",308000
Військовий пам'ятник,Корнинський,granite,grey,800x450x80,Економ,"Проста форма, гравіювання напису",130500
Військовий пам'ятник,Корнинський,granite,grey,800x450x80,Економ,"Базова, портрет і напис",158500
Військовий пам'ятник,Корнинський,granite,grey,800x450x80,Економ,"Стандартна, портрет і орнамент",186000
Військовий пам'ятник,Корнинський,granite,grey,800x450x80,Економ,"Складна, різьблення й декор",223500
Військовий пам'ятник,Корнинський,granite,grey,800x450x80,Економ,"Елітна, скульптура й позолота",279500
Військовий пам'ятник,Корнинський,granite,grey,1000x500x80,Стандарт,"Проста форма, гравіювання напису",135500
Військовий пам'ятник,Корнинський,granite,grey,1000x500x80,Стандарт,"Базова, портрет і напис",165000
Військовий пам'ятник,Корнинський,granite,grey,1000x500x80,Стандарт,"Стандартна, портрет і орнамент",194000
Військовий пам'ятник,Корнинський,granite,grey,1000x500x80,Стандарт,"Складна, різьблення й декор",232500
Військовий пам'ятник,Корнинський,granite,grey,1000x500x80,Стандарт,"Елітна, скульптура й позолота",291000
Військовий пам'ятник,Корнинський,granite,grey,1000x600x80,Збільшений,"Проста форма, гравіювання напису",139500
Військовий пам'ятник,Корнинський,granite,grey,1000x600x80,Збільшений,"Базова, портрет і напис",169500
Військовий пам'ятник,Корнинський,granite,grey,1000x600x80,Збільшений,"Стандартна, портрет і орнамент",199500
Військовий пам'ятник,Корнинський,granite,grey,1000x600x80,Збільшений,"Складна, різьблення й декор",239500
Військовий пам'ятник,Корнинський,granite,grey,1000x600x80,Збільшений,"Елітна, скульптура й позолота",299000
Військовий пам'ятник,Корнинський,granite,grey,1200x600x80,Преміум,"Проста форма, гравіювання напису",144000
Військовий пам'ятник,Корнинський,granite,grey,1200x600x80,Преміум,"Базова, портрет і напис",175000
Військовий пам'ятник,Корнинський,granite,grey,1200x600x80,Преміум,"Стандартна, портрет і орнамент",206000
Військовий пам'ятник,Корнинський,granite,grey,1200x600x80,Преміум,"Складна, різьблення й декор",247500
Військовий пам'ятник,Корнинський,granite,grey,1200x600x80,Преміум,"Елітна, скульптура й позолота",309000
Військовий пам'ятник,Капустинський,granite,red,800x450x80,Економ,"Проста форма, гравіювання напису",131000
Військовий пам'ятник,Капустинський,granite,red,800x450x80,Економ,"Базова, портрет і напис",159000
Військовий пам'ятник,Капустинський,granite,red,800x450x80,Економ,"Стандартна, портрет і орнамент",187000
Військовий пам'ятник,Капустинський,granite,red,800x450x80,Економ,"Складна, різьблення й декор",224500
Військовий пам'ятник,Капустинський,granite,red,800x450x80,Економ,"Елітна, скульптура й позолота",280500
Військовий пам'ятник,Капустинський,granite,red,1000x500x80,Стандарт,"Проста форма, гравіювання напису",136500
Військовий пам'ятник,Капустинський,granite,red,1000x500x80,Стандарт,"Базова, портрет і напис",166000
Військовий пам'ятник,Капустинський,granite,red,1000x500x80,Стандарт,"Стандартна, портрет і орнамент",195000
Військовий пам'ятник,Капустинський,granite,red,1000x500x80,Стандарт,"Складна, різьблення й декор",234000
Військовий пам'ятник,Капустинський,granite,red,1000x500x80,Стандарт,"Елітна, скульптура й позолота",292500
Військовий пам'ятник,Капустинський,granite,red,1000x600x80,Збільшений,"Проста форма, гравіювання напису",140500
Військовий пам'ятник,Капустинський,granite,red,1000x600x80,Збільшений,"Базова, портрет і напис",170500
Військовий пам'ятник,Капустинський,granite,red,1000x600x80,Збільшений,"Стандартна, портрет і орнамент",201000
Військовий пам'ятник,Капустинський,granite,red,1000x600x80,Збільшений,"Складна, різьблення й декор",241000
Військовий пам'ятник,Капустинський,granite,red,1000x600x80,Збільшений,"Елітна, скульптура й позолота",301000
Військовий пам'ятник,Капустинський,granite,red,1200x600x80,Преміум,"Проста форма, гравіювання напису",145500
Військовий пам'ятник,Капустинський,granite,red,1200x600x80,Преміум,"Базова, портрет і напис",176500
Військовий пам'ятник,Капустинський,granite,red,1200x600x80,Преміум,"Стандартна, портрет і орнамент",207500
Військовий пам'ятник,Капустинський,granite,red,1200x600x80,Преміум,"Складна, різьблення й декор",249500
Військовий пам'ятник,Капустинський,granite,red,1200x600x80,Преміум,"Елітна, скульптура й позолота",311500
Військовий пам'ятник,Танський,granite,grey,800x450x80,Економ,"Проста форма, гравіювання напису",131000
Військовий пам'ятник,Танський,granite,grey,800x450x80,Економ,"Базова, портрет і напис",159000
Військовий пам'ятник,Танський,granite,grey,800x450x80,Економ,"Стандартна, портрет і орнамент",187000
Військовий пам'ятник,Танський,granite,grey,800x450x80,Економ,"Складна, різьблення й декор",224500
Військовий пам'ятник,Танський,granite,grey,800x450x80,Економ,"Елітна, скульптура й позолота",281000
Військовий пам'ятник,Танський,granite,grey,1000x500x80,Стандарт,"Проста форма, гравіювання напису",137000
Військовий пам'ятник,Танський,granite,grey,1000x500x80,Стандарт,"Базова, портрет і напис",166000
Військовий пам'ятник,Танський,granite,grey,1000x500x80,Стандарт,"Стандартна, портрет і орнамент",195500
Військовий пам'ятник,Танський,granite,grey,1000x500x80,Стандарт,"Складна, різьблення й декор",234500
Військовий пам'ятник,Танський,granite,grey,1000x500x80,Стандарт,"Елітна, скульптура й позолота",293000
Військовий пам'ятник,Танський,granite,grey,1000x600x80,Збільшений,"Проста форма, гравіювання напису",141000
Військовий пам'ятник,Танський,granite,grey,1000x600x80,Збільшений,"Базова, портрет і напис",171000
Військовий пам'ятник,Танський,granite,grey,1000x600x80,Збільшений,"Стандартна, портрет і орнамент",201000
Військовий пам'ятник,Танський,granite,grey,1000x600x80,Збільшений,"Складна, різьблення й декор",241500
Військовий пам'ятник,Танський,granite,grey,1000x600x80,Збільшений,"Елітна, скульптура й позолота",302000
Військовий пам'ятник,Танський,granite,grey,1200x600x80,Преміум,"Проста форма, гравіювання напису",145500
Військовий пам'ятник,Танський,granite,grey,1200x600x80,Преміум,"Базова, портрет і напис",177000
Військовий пам'ятник,Танський,granite,grey,1200x600x80,Преміум,"Стандартна, портрет і орнамент",208000
Військовий пам'ятник,Танський,granite,grey,1200x600x80,Преміум,"Складна, різьблення й декор",250000
Військовий пам'ятник,Танський,granite,grey,1200x600x80,Преміум,"Елітна, скульптура й позолота",312000
Військовий пам'ятник,Софіївський,granite,grey,800x450x80,Економ,"Проста форма, гравіювання напису",131000
Військовий пам'ятник,Софіївський,granite,grey,800x450x80,Економ,"Базова, портрет і напис",159500
Військовий пам'ятник,Софіївський,granite,grey,800x450x80,Економ,"Стандартна, портрет і орнамент",187500
Військовий пам'ятник,Софіївський,granite,grey,800x450x80,Економ,"Складна, різьблення й декор",225000
Військовий пам'ятник,Софіївський,granite,grey,800x450x80,Економ,"Елітна, скульптура й позолота",281000
Військовий пам'ятник,Софіївський,granite,grey,1000x500x80,Стандарт,"Проста форма, гравіювання напису",137000
Військовий пам'ятник,Софіївський,granite,grey,1000x500x80,Стандарт,"Базова, портрет і напис",166500
Військовий пам'ятник,Софіївський,granite,grey,1000x500x80,Стандарт,"Стандартна, портрет і орнамент",195500
Військовий пам'ятник,Софіївський,granite,grey,1000x500x80,Стандарт,"Складна, різьблення й декор",235000
Військовий пам'ятник,Софіївський,granite,grey,1000x500x80,Стандарт,"Елітна, скульптура й позолота",293500
Військовий пам'ятник,Софіївський,granite,grey,1000x600x80,Збільшений,"Проста форма, гравіювання напису",141000
Військовий пам'ятник,Софіївський,granite,grey,1000x600x80,Збільшений,"Базова, портрет і напис",171500
Військовий пам'ятник,Софіївський,granite,grey,1000x600x80,Збільшений,"Стандартна, портрет і орнамент",201500
Військовий пам'ятник,Софіївський,granite,grey,1000x600x80,Збільшений,"Складна, різьблення й декор",242000
Військовий пам'ятник,Софіївський,granite,grey,1000x600x80,Збільшений,"Елітна, скульптура й позолота",302500
Військовий пам'ятник,Софіївський,granite,grey,1200x600x80,Преміум,"Проста форма, гравіювання напису",146000
Військовий пам'ятник,Софіївський,granite,grey,1200x600x80,Преміум,"Базова, портрет і напис",177500
Військовий пам'ятник,Софіївський,granite,grey,1200x600x80,Преміум,"Стандартна, портрет і орнамент",208500
Військовий пам'ятник,Софіївський,granite,grey,1200x600x80,Преміум,"Складна, різьблення й декор",250500
Військовий пам'ятник,Софіївський,granite,grey,1200x600x80,Преміум,"Елітна, скульптура й позолота",313000
Військовий пам'ятник,Межиріченський,granite,red,800x450x80,Економ,"Проста форма, гравіювання напису",131500
Військовий пам'ятник,Межиріченський,granite,red,800x450x80,Економ,"Базова, портрет і напис",159500
Військовий пам'ятник,Межиріченський,granite,red,800x450x80,Економ,"Стандартна, портрет і орнамент",188000
Військовий пам'ятник,Межиріченський,granite,red,800x450x80,Економ,"Складна, різьблення й декор",225500
Військовий пам'ятник,Межиріченський,granite,red,800x450x80,Економ,"Елітна, скульптура й позолота",282000
Військовий пам'ятник,Межиріченський,granite,red,1000x500x80,Стандарт,"Проста форма, гравіювання напису",137500
Військовий пам'ятник,Межиріченський,granite,red,1000x500x80,Стандарт,"Базова, портрет і напис",167000
Військовий пам'ятник,Межиріченський,granite,red,1000x500x80,Стандарт,"Стандартна, портрет і орнамент",196500
Військовий пам'ятник,Межиріченський,granite,red,1000x500x80,Стандарт,"Складна, різьблення й декор",235500
Військовий пам'ятник,Межиріченський,granite,red,1000x500x80,Стандарт,"Елітна, скульптура й позолота",294500
Військовий пам'ятник,Межиріченський,granite,red,1000x600x80,Збільшений,"Проста форма, гравіювання напису",141500
Військовий пам'ятник,Межиріченський,granite,red,1000x600x80,Збільшений,"Базова, портрет і напис",172000
Військовий пам'ятник,Межиріченський,granite,red,1000x600x80,Збільшений,"Стандартна, портрет і орнамент",202000
Військовий пам'ятник,Межиріченський,granite,red,1000x600x80,Збільшений,"Складна, різьблення й декор",242500
Військовий пам'ятник,Межиріченський,granite,red,1000x600x80,Збільшений,"Елітна, скульптура й позолота",303500
Військовий пам'ятник,Межиріченський,granite,red,1200x600x80,Преміум,"Проста форма, гравіювання напису",146500
Військовий пам'ятник,Межиріченський,granite,red,1200x600x80,Преміум,"Базова, портрет і напис",178000
Військовий пам'ятник,Межиріченський,granite,red,1200x600x80,Преміум,"Стандартна, портрет і орнамент",209500
Військовий пам'ятник,Межиріченський,granite,red,1200x600x80,Преміум,"Складна, різьблення й декор",251500
Військовий пам'ятник,Межиріченський,granite,red,1200x600x80,Преміум,"Елітна, скульптура й позолота",314000
Військовий пам'ятник,Лабрадорит (Горбулівський),labradorite,black,800x450x80,Економ,"Проста форма, гравіювання напису",131500
Військовий пам'ятник,Лабрадорит (Горбулівський),labradorite,black,800x450x80,Економ,"Базова, портрет і напис",160000
Військовий пам'ятник,Лабрадорит (Горбулівський),labradorite,black,800x450x80,Економ,"Стандартна, портрет і орнамент",188000
Військовий пам'ятник,Лабрадорит (Горбулівський),labradorite,black,800x450x80,Економ,"Складна, різьблення й декор",225500
Військовий пам'ятник,Лабрадорит (Горбулівський),labradorite,black,800x450x80,Економ,"Елітна, скульптура й позолота",282000
Військовий пам'ятник,Лабрадорит (Горбулівський),labradorite,black,1000x500x80,Стандарт,"Проста форма, гравіювання напису",137500
Військовий пам'ятник,Лабрадорит (Горбулівський),labradorite,black,1000x500x80,Стандарт,"Базова, портрет і напис",167000
Військовий пам'ятник,Лабрадорит (Горбулівський),labradorite,black,1000x500x80,Стандарт,"Стандартна, портрет і орнамент",196500
Військовий пам'ятник,Лабрадорит (Горбулівський),labradorite,black,1000x500x80,Стандарт,"Складна, різьблення й декор",236000
Військовий пам'ятник,Лабрадорит (Горбулівський),labradorite,black,1000x500x80,Стандарт,"Елітна, скульптура й позолота",295000
Військовий пам'ятник,Лабрадорит (Горбулівський),labradorite,black,1000x600x80,Збільшений,"Проста форма, гравіювання напису",142000
Військовий пам'ятник,Лабрадорит (Горбулівський),labradorite,black,1000x600x80,Збільшений,"Базова, портрет і напис",172000
Військовий пам'ятник,Лабрадорит (Горбулівський),labradorite,black,1000x600x80,Збільшений,"Стандартна, портрет і орнамент",202500
Військовий пам'ятник,Лабрадорит (Горбулівський),labradorite,black,1000x600x80,Збільшений,"Складна, різьблення й декор",243000
Військовий пам'ятник,Лабрадорит (Горбулівський),labradorite,black,1000x600x80,Збільшений,"Елітна, скульптура й позолота",304000
Військовий пам'ятник,Лабрадорит (Горбулівський),labradorite,black,1200x600x80,Преміум,"Проста форма, гравіювання напису",147000
Військовий пам'ятник,Лабрадорит (Горбулівський),labradorite,black,1200x600x80,Преміум,"Базова, портрет і напис",178500
Військовий пам'ятник,Лабрадорит (Горбулівський),labradorite,black,1200x600x80,Преміум,"Стандартна, портрет і орнамент",210000
Військовий пам'ятник,Лабрадорит (Горбулівський),labradorite,black,1200x600x80,Преміум,"Складна, різьблення й декор",252000
Військовий пам'ятник,Лабрадорит (Горбулівський),labradorite,black,1200x600x80,Преміум,"Елітна, скульптура й позолота",315000
Військовий пам'ятник,Габро (Букинське),gabbro,black,800x450x80,Економ,"Проста форма, гравіювання напису",132000
Військовий пам'ятник,Габро (Букинське),gabbro,black,800x450x80,Економ,"Базова, портрет і напис",160000
Військовий пам'ятник,Габро (Букинське),gabbro,black,800x450x80,Економ,"Стандартна, портрет і орнамент",188500
Військовий пам'ятник,Габро (Букинське),gabbro,black,800x450x80,Економ,"Складна, різьблення й декор",226000
Військовий пам'ятник,Габро (Букинське),gabbro,black,800x450x80,Економ,"Елітна, скульптура й позолота",282500
Військовий пам'ятник,Габро (Букинське),gabbro,black,1000x500x80,Стандарт,"Проста форма, гравіювання напису",138000
Військовий пам'ятник,Габро (Букинське),gabbro,black,1000x500x80,Стандарт,"Базова, портрет і напис",167500
Військовий пам'ятник,Габро (Букинське),gabbro,black,1000x500x80,Стандарт,"Стандартна, портрет і орнамент",197000
Військовий пам'ятник,Габро (Букинське),gabbro,black,1000x500x80,Стандарт,"Складна, різьблення й декор",236000
Військовий пам'ятник,Габро (Букинське),gabbro,black,1000x500x80,Стандарт,"Елітна, скульптура й позолота",295500
Військовий пам'ятник,Габро (Букинське),gabbro,black,1000x600x80,Збільшений,"Проста форма, гравіювання напису",142000
Військовий пам'ятник,Габро (Букинське),gabbro,black,1000x600x80,Збільшений,"Базова, портрет і напис",172500
Військовий пам'ятник,Габро (Букинське),gabbro,black,1000x600x80,Збільшений,"Стандартна, портрет і орнамент",203000
Військовий пам'ятник,Габро (Букинське),gabbro,black,1000x600x80,Збільшений,"Складна, різьблення й декор",243500
Військовий пам'ятник,Габро (Букинське),gabbro,black,1000x600x80,Збільшений,"Елітна, скульптура й позолота",304500
Військовий пам'ятник,Габро (Букинське),gabbro,black,1200x600x80,Преміум,"Проста форма, гравіювання напису",147000
Військовий пам'ятник,Габро (Букинське),gabbro,black,1200x600x80,Преміум,"Базова, портрет і напис",178500
Військовий пам'ятник,Габро (Букинське),gabbro,black,1200x600x80,Преміум,"Стандартна, портрет і орнамент",210500
Військовий пам'ятник,Габро (Букинське),gabbro,black,1200x600x80,Преміум,"Складна, різьблення й декор",252500
Військовий пам'ятник,Габро (Букинське),gabbro,black,1200x600x80,Преміум,"Елітна, скульптура й позолота",315500
Військовий пам'ятник,Дідковицький,granite,green,800x450x80,Економ,"Проста форма, гравіювання напису",132500
Військовий пам'ятник,Дідковицький,granite,green,800x450x80,Економ,"Базова, портрет і напис",161000
Військовий пам'ятник,Дідковицький,granite,green,800x450x80,Економ,"Стандартна, портрет і орнамент",189000
Військовий пам'ятник,Дідковицький,granite,green,800x450x80,Економ,"Складна, різьблення й декор",227000
Військовий пам'ятник,Дідковицький,granite,green,800x450x80,Економ,"Елітна, скульптура й позолота",283500
Військовий пам'ятник,Дідковицький,granite,green,1000x500x80,Стандарт,"Проста форма, гравіювання напису",138500
Військовий пам'ятник,Дідковицький,granite,green,1000x500x80,Стандарт,"Базова, портрет і напис",168500
Військовий пам'ятник,Дідковицький,granite,green,1000x500x80,Стандарт,"Стандартна, портрет і орнамент",198000
Військовий пам'ятник,Дідковицький,granite,green,1000x500x80,Стандарт,"Складна, різьблення й декор",237500
Військовий пам'ятник,Дідковицький,granite,green,1000x500x80,Стандарт,"Елітна, скульптура й позолота",297000
Військовий пам'ятник,Дідковицький,granite,green,1000x600x80,Збільшений,"Проста форма, гравіювання напису",143000
Військовий пам'ятник,Дідковицький,granite,green,1000x600x80,Збільшений,"Базова, портрет і напис",173500
Військовий пам'ятник,Дідковицький,granite,green,1000x600x80,Збільшений,"Стандартна, портрет і орнамент",204500
Військовий пам'ятник,Дідковицький,granite,green,1000x600x80,Збільшений,"Складна, різьблення й декор",245000
Військовий пам'ятник,Дідковицький,granite,green,1000x600x80,Збільшений,"Елітна, скульптура й позолота",306500
Військовий пам'ятник,Дідковицький,granite,green,1200x600x80,Преміум,"Проста форма, гравіювання напису",148500
Військовий пам'ятник,Дідковицький,granite,green,1200x600x80,Преміум,"Базова, портрет і напис",180000
Військовий пам'ятник,Дідковицький,granite,green,1200x600x80,Преміум,"Стандартна, портрет і орнамент",212000
Військовий пам'ятник,Дідковицький,granite,green,1200x600x80,Преміум,"Складна, різьблення й декор",254500
Військовий пам'ятник,Дідковицький,granite,green,1200x600x80,Преміум,"Елітна, скульптура й позолота",318000
Військовий пам'ятник,Токівський,granite,brown,800x450x80,Економ,"Проста форма, гравіювання напису",133500
Військовий пам'ятник,Токівський,granite,brown,800x450x80,Економ,"Базова, портрет і напис",162000
Військовий пам'ятник,Токівський,granite,brown,800x450x80,Економ,"Стандартна, портрет і орнамент",190500
Військовий пам'ятник,Токівський,granite,brown,800x450x80,Економ,"Складна, різьблення й декор",228500
Військовий пам'ятник,Токівський,granite,brown,800x450x80,Економ,"Елітна, скульптура й позолота",286000
Військовий пам'ятник,Токівський,granite,brown,1000x500x80,Стандарт,"Проста форма, гравіювання напису",140000
Військовий пам'ятник,Токівський,granite,brown,1000x500x80,Стандарт,"Базова, портрет і напис",170000
Військовий пам'ятник,Токівський,granite,brown,1000x500x80,Стандарт,"Стандартна, портрет і орнамент",200000
Військовий пам'ятник,Токівський,granite,brown,1000x500x80,Стандарт,"Складна, різьблення й декор",240000
Військовий пам'ятник,Токівський,granite,brown,1000x500x80,Стандарт,"Елітна, скульптура й позолота",300000
Військовий пам'ятник,Токівський,granite,brown,1000x600x80,Збільшений,"Проста форма, гравіювання напису",145000
Військовий пам'ятник,Токівський,granite,brown,1000x600x80,Збільшений,"Базова, портрет і напис",176000
Військовий пам'ятник,Токівський,granite,brown,1000x600x80,Збільшений,"Стандартна, портрет і орнамент",207000
Військовий пам'ятник,Токівський,granite,brown,1000x600x80,Збільшений,"Складна, різьблення й декор",248000
Військовий пам'ятник,Токівський,granite,brown,1000x600x80,Збільшений,"Елітна, скульптура й позолота",310000
Військовий пам'ятник,Токівський,granite,brown,1200x600x80,Преміум,"Проста форма, гравіювання напису",150500
Військовий пам'ятник,Токівський,granite,brown,1200x600x80,Преміум,"Базова, портрет і напис",182500
Військовий пам'ятник,Токівський,granite,brown,1200x600x80,Преміум,"Стандартна, портрет і орнамент",215000
Військовий пам'ятник,Токівський,granite,brown,1200x600x80,Преміум,"Складна, різьблення й декор",258000
Військовий пам'ятник,Токівський,granite,brown,1200x600x80,Преміум,"Елітна, скульптура й позолота",322500
Військовий пам'ятник,Берестовецький,granite,black,800x450x80,Економ,"Проста форма, гравіювання напису",134000
Військовий пам'ятник,Берестовецький,granite,black,800x450x80,Економ,"Базова, портрет і напис",162500
Військовий пам'ятник,Берестовецький,granite,black,800x450x80,Економ,"Стандартна, портрет і орнамент",191000
Військовий пам'ятник,Берестовецький,granite,black,800x450x80,Економ,"Складна, різьблення й декор",229500
Військовий пам'ятник,Берестовецький,granite,black,800x450x80,Економ,"Елітна, скульптура й позолота",287000
Військовий пам'ятник,Берестовецький,granite,black,1000x500x80,Стандарт,"Проста форма, гравіювання напису",140500
Військовий пам'ятник,Берестовецький,granite,black,1000x500x80,Стандарт,"Базова, портрет і напис",171000
Військовий пам'ятник,Берестовецький,granite,black,1000x500x80,Стандарт,"Стандартна, портрет і орнамент",201000
Військовий пам'ятник,Берестовецький,granite,black,1000x500x80,Стандарт,"Складна, різьблення й декор",241000
Військовий пам'ятник,Берестовецький,granite,black,1000x500x80,Стандарт,"Елітна, скульптура й позолота",301500
Військовий пам'ятник,Берестовецький,granite,black,1000x600x80,Збільшений,"Проста форма, гравіювання напису",145500
Військовий пам'ятник,Берестовецький,granite,black,1000x600x80,Збільшений,"Базова, портрет і напис",176500
Військовий пам'ятник,Берестовецький,granite,black,1000x600x80,Збільшений,"Стандартна, портрет і орнамент",208000
Військовий пам'ятник,Берестовецький,granite,black,1000x600x80,Збільшений,"Складна, різьблення й декор",249500
Військовий пам'ятник,Берестовецький,granite,black,1000x600x80,Збільшений,"Елітна, скульптура й позолота",312000
Військовий пам'ятник,Берестовецький,granite,black,1200x600x80,Преміум,"Проста форма, гравіювання напису",151500
Військовий пам'ятник,Берестовецький,granite,black,1200x600x80,Преміум,"Базова, портрет і напис",184000
Військовий пам'ятник,Берестовецький,granite,black,1200x600x80,Преміум,"Стандартна, портрет і орнамент",216000
Військовий пам'ятник,Берестовецький,granite,black,1200x600x80,Преміум,"Складна, різьблення й декор",259500
Військовий пам'ятник,Берестовецький,granite,black,1200x600x80,Преміум,"Елітна, скульптура й позолота",324500
Військовий пам'ятник,Маславський,granite,green,800x450x80,Економ,"Проста форма, гравіювання напису",135500
Військовий пам'ятник,Маславський,granite,green,800x450x80,Економ,"Базова, портрет і напис",164500
Військовий пам'ятник,Маславський,granite,green,800x450x80,Економ,"Стандартна, портрет і орнамент",193500
Військовий пам'ятник,Маславський,granite,green,800x450x80,Економ,"Складна, різьблення й декор",232000
Військовий пам'ятник,Маславський,granite,green,800x450x80,Економ,"Елітна, скульптура й позолота",290000
Військовий пам'ятник,Маславський,granite,green,1000x500x80,Стандарт,"Проста форма, гравіювання напису",142500
Військовий пам'ятник,Маславський,granite,green,1000x500x80,Стандарт,"Базова, портрет і напис",173500
Військовий пам'ятник,Маславський,granite,green,1000x500x80,Стандарт,"Стандартна, портрет і орнамент",204000
Військовий пам'ятник,Маславський,granite,green,1000x500x80,Стандарт,"Складна, різьблення й декор",244500
Військовий пам'ятник,Маславський,granite,green,1000x500x80,Стандарт,"Елітна, скульптура й позолота",306000
Військовий пам'ятник,Маславський,granite,green,1000x600x80,Збільшений,"Проста форма, гравіювання напису",148000
Військовий пам'ятник,Маславський,granite,green,1000x600x80,Збільшений,"Базова, портрет і напис",179500
Військовий пам'ятник,Маславський,granite,green,1000x600x80,Збільшений,"Стандартна, портрет і орнамент",211500
Військовий пам'ятник,Маславський,granite,green,1000x600x80,Збільшений,"Складна, різьблення й декор",253500
Військовий пам'ятник,Маславський,granite,green,1000x600x80,Збільшений,"Елітна, скульптура й позолота",317000
Військовий пам'ятник,Маславський,granite,green,1200x600x80,Преміум,"Проста форма, гравіювання напису",154500
Військовий пам'ятник,Маславський,granite,green,1200x600x80,Преміум,"Базова, портрет і напис",187500
Військовий пам'ятник,Маславський,granite,green,1200x600x80,Преміум,"Стандартна, портрет і орнамент",220500
Військовий пам'ятник,Маславський,granite,green,1200x600x80,Преміум,"Складна, різьблення й декор",264500
Військовий пам'ятник,Маславський,granite,green,1200x600x80,Преміум,"Елітна, скульптура й позолота",330500
Військовий пам'ятник,Лезниківський,granite,red,800x450x80,Економ,"Проста форма, гравіювання напису",132500
Військовий пам'ятник,Лезниківський,granite,red,800x450x80,Економ,"Базова, портрет і напис",161000
Військовий пам'ятник,Лезниківський,granite,red,800x450x80,Економ,"Стандартна, портрет і орнамент",189500
Військовий пам'ятник,Лезниківський,granite,red,800x450x80,Економ,"Складна, різьблення й декор",227500
Військовий пам'ятник,Лезниківський,granite,red,800x450x80,Економ,"Елітна, скульптура й позолота",284500
Військовий пам'ятник,Лезниківський,granite,red,1000x500x80,Стандарт,"Проста форма, гравіювання напису",139000
Військовий пам'ятник,Лезниківський,granite,red,1000x500x80,Стандарт,"Базова, портрет і напис",169000
Військовий пам'ятник,Лезниківський,granite,red,1000x500x80,Стандарт,"Стандартна, портрет і орнамент",198500
Військовий пам'ятник,Лезниківський,granite,red,1000x500x80,Стандарт,"Складна, різьблення й декор",238500
Військовий пам'ятник,Лезниківський,granite,red,1000x500x80,Стандарт,"Елітна, скульптура й позолота",298000
Військовий пам'ятник,Лезниківський,granite,red,1000x600x80,Збільшений,"Проста форма, гравіювання напису",143500
Військовий пам'ятник,Лезниківський,granite,red,1000x600x80,Збільшений,"Базова, портрет і напис",174500
Військовий пам'ятник,Лезниківський,granite,red,1000x600x80,Збільшений,"Стандартна, портрет і орнамент",205000
Військовий пам'ятник,Лезниківський,granite,red,1000x600x80,Збільшений,"Складна, різьблення й декор",246000
Військовий пам'ятник,Лезниківський,granite,red,1000x600x80,Збільшений,"Елітна, скульптура й позолота",307500
Військовий пам'ятник,Лезниківський,granite,red,1200x600x80,Преміум,"Проста форма, гравіювання напису",149000
Військовий пам'ятник,Лезниківський,granite,red,1200x600x80,Преміум,"Базова, портрет і напис",181000
Військовий пам'ятник,Лезниківський,granite,red,1200x600x80,Преміум,"Стандартна, портрет і орнамент",213000
Військовий пам'ятник,Лезниківський,granite,red,1200x600x80,Преміум,"Складна, різьблення й декор",255500
Військовий пам'ятник,Лезниківський,granite,red,1200x600x80,Преміум,"Елітна, скульптура й позолота",319000
Військовий пам'ятник,Мармур білий,marble,white,800x450x80,Економ,"Проста форма, гравіювання напису",136500
Військовий пам'ятник,Мармур білий,marble,white,800x450x80,Економ,"Базова, портрет і напис",165500
Військовий пам'ятник,Мармур білий,marble,white,800x450x80,Економ,"Стандартна, портрет і орнамент",195000
Військовий пам'ятник,Мармур білий,marble,white,800x450x80,Економ,"Складна, різьблення й декор",234000
Військовий пам'ятник,Мармур білий,marble,white,800x450x80,Економ,"Елітна, скульптура й позолота",292500
Військовий пам'ятник,Мармур білий,marble,white,1000x500x80,Стандарт,"Проста форма, гравіювання напису",144000
Військовий пам'ятник,Мармур білий,marble,white,1000x500x80,Стандарт,"Базова, портрет і напис",175000
Військовий пам'ятник,Мармур білий,marble,white,1000x500x80,Стандарт,"Стандартна, портрет і орнамент",206000
Військовий пам'ятник,Мармур білий,marble,white,1000x500x80,Стандарт,"Складна, різьблення й декор",247000
Військовий пам'ятник,Мармур білий,marble,white,1000x500x80,Стандарт,"Елітна, скульптура й позолота",309000
Військовий пам'ятник,Мармур білий,marble,white,1000x600x80,Збільшений,"Проста форма, гравіювання напису",149500
Військовий пам'ятник,Мармур білий,marble,white,1000x600x80,Збільшений,"Базова, портрет і напис",182000
Військовий пам'ятник,Мармур білий,marble,white,1000x600x80,Збільшений,"Стандартна, портрет і орнамент",214000
Військовий пам'ятник,Мармур білий,marble,white,1000x600x80,Збільшений,"Складна, різьблення й декор",256500
Військовий пам'ятник,Мармур білий,marble,white,1000x600x80,Збільшений,"Елітна, скульптура й позолота",321000
Військовий пам'ятник,Мармур білий,marble,white,1200x600x80,Преміум,"Проста форма, гравіювання напису",156500
Військовий пам'ятник,Мармур білий,marble,white,1200x600x80,Преміум,"Базова, портрет і напис",190000
Військовий пам'ятник,Мармур білий,marble,white,1200x600x80,Преміум,"Стандартна, портрет і орнамент",223500
Військовий пам'ятник,Мармур білий,marble,white,1200x600x80,Преміум,"Складна, різьблення й декор",268000
Військовий пам'ятник,Мармур білий,marble,white,1200x600x80,Преміум,"Елітна, скульптура й позолота",335000
